file,N_sequences,L_query,NEff_id62,MeanEntropy,GapFraction,AvgIdentityToQuery,unified_dataset,unified_target,unified_id
T1024.a3m,1726,408,3.301471,2.964861,0.438787,0.282356,CASP,T1024,CASP:T1024
T1025.a3m,10001,268,26.932836,2.988444,0.537623,0.374865,CASP,T1025,CASP:T1025
T1026.a3m,6,172,0.023256,1.109712,0.125,0.450991,CASP,T1026,CASP:T1026
T1027.a3m,5,168,0.011905,0.650935,0.135714,0.688386,CASP,T1027,CASP:T1027
T1029.a3m,31,125,0.168,1.830518,0.103226,0.440616,CASP,T1029,CASP:T1029
T1030.a3m,23,273,0.032967,1.3083,0.477465,0.527397,CASP,T1030,CASP:T1030
T1031.a3m,3,95,0.021053,0.550978,0.045614,0.652439,CASP,T1031,CASP:T1031
T1033.a3m,2,100,0.01,0.0,0.0,1.0,CASP,T1033,CASP:T1033
T1035.a3m,2,102,0.009804,0.0,0.0,1.0,CASP,T1035,CASP:T1035
T1036s1.a3m,114,622,0.067524,2.06166,0.518348,0.402524,CASP,T1036s1,CASP:T1036s1
T1037.a3m,13,404,0.022277,1.584862,0.248096,0.331458,CASP,T1037,CASP:T1037
T1039.a3m,2,161,0.006211,0.0,0.0,1.0,CASP,T1039,CASP:T1039
T1040.a3m,2,130,0.007692,0.0,0.0,1.0,CASP,T1040,CASP:T1040
T1041.a3m,41,242,0.119835,2.0283,0.42824,0.358128,CASP,T1041,CASP:T1041
T1042.a3m,3,289,0.00692,0.200114,0.265283,0.656769,CASP,T1042,CASP:T1042
T1043.a3m,2,148,0.006757,0.0,0.0,1.0,CASP,T1043,CASP:T1043
T1044.a3m,98,2180,0.037615,2.329242,0.669374,0.303947,CASP,T1044,CASP:T1044
T1046s1.a3m,18,74,0.216216,1.634182,0.135135,0.43247,CASP,T1046s1,CASP:T1046s1
T1046s2.a3m,18,142,0.070423,1.43356,0.176448,0.555718,CASP,T1046s2,CASP:T1046s2
T1049.a3m,55,141,0.312057,2.11025,0.211992,0.4555,CASP,T1049,CASP:T1049
T1056.a3m,1538,186,4.268817,2.235513,0.534625,0.355115,CASP,T1056,CASP:T1056
T1064.a3m,6,106,0.028302,0.808299,0.174528,0.672998,CASP,T1064,CASP:T1064
T1067.a3m,16,264,0.049242,1.335102,0.377131,0.459416,CASP,T1067,CASP:T1067
T1074.a3m,11,202,0.044554,1.176778,0.280828,0.502996,CASP,T1074,CASP:T1074
T1079.a3m,2114,505,3.227723,2.719922,0.380742,0.316489,CASP,T1079,CASP:T1079
T1082.a3m,4,97,0.030928,0.71481,0.087629,0.619792,CASP,T1082,CASP:T1082
T1090.a3m,117,193,0.414508,2.025916,0.330853,0.371065,CASP,T1090,CASP:T1090
T1099.a3m,25,262,0.034351,0.864133,0.625496,0.403195,CASP,T1099,CASP:T1099
T1104.a3m,13,117,0.059829,1.158077,0.159106,0.571668,CASP,T1104,CASP:T1104
T1106s1.a3m,15,122,0.081967,1.603483,0.138251,0.478813,CASP,T1106s1,CASP:T1106s1
T1106s2.a3m,25,114,0.184211,2.029891,0.241053,0.395367,CASP,T1106s2,CASP:T1106s2
T1120.a3m,15,235,0.051064,1.482297,0.315177,0.453423,CASP,T1120,CASP:T1120
T1129s2.a3m,16,640,0.010937,1.443275,0.386914,0.626209,CASP,T1129s2,CASP:T1129s2
T1133.a3m,879,585,0.673504,2.605642,0.508517,0.398708,CASP,T1133,CASP:T1133
T1137s1.a3m,705,409,1.246944,2.608904,0.433023,0.334907,CASP,T1137s1,CASP:T1137s1
T1137s2.a3m,2705,343,6.309038,2.971548,0.432286,0.29799,CASP,T1137s2,CASP:T1137s2
T1137s3.a3m,709,524,1.020992,1.758404,0.654058,0.323665,CASP,T1137s3,CASP:T1137s3
T1137s4.a3m,1631,547,2.144424,2.189363,0.668412,0.304851,CASP,T1137s4,CASP:T1137s4
T1137s5.a3m,1151,390,2.225641,2.743483,0.430807,0.296161,CASP,T1137s5,CASP:T1137s5
T1137s6.a3m,1196,518,1.714286,2.541699,0.595311,0.310273,CASP,T1137s6,CASP:T1137s6
T1137s7.a3m,10001,653,10.059724,1.717365,0.668648,0.341062,CASP,T1137s7,CASP:T1137s7
T1137s8.a3m,1324,266,2.887218,2.467168,0.391364,0.335314,CASP,T1137s8,CASP:T1137s8
T1137s9.a3m,1159,289,2.33564,2.535172,0.371308,0.303076,CASP,T1137s9,CASP:T1137s9
T1139.a3m,289,317,0.529968,2.030934,0.549365,0.490528,CASP,T1139,CASP:T1139
T1145.a3m,144,635,0.132283,2.179491,0.64708,0.398975,CASP,T1145,CASP:T1145
T1150.a3m,617,370,0.716216,2.540447,0.639774,0.38679,CASP,T1150,CASP:T1150
T1157s1.a3m,3476,1029,1.313897,2.535478,0.701235,0.400253,CASP,T1157s1,CASP:T1157s1
T1157s2.a3m,10001,495,8.034343,2.813733,0.689875,0.356929,CASP,T1157s2,CASP:T1157s2
T1180.a3m,4137,404,2.886139,2.650748,0.60119,0.34248,CASP,T1180,CASP:T1180
T1188.a3m,9052,630,7.155556,2.737399,0.56854,0.329573,CASP,T1188,CASP:T1188
T1194.a3m,4,168,0.017857,0.896387,0.127976,0.50042,CASP,T1194,CASP:T1194
2024-04-13_00000018_1.a3m,2079,263,4.908745,2.680898,0.292569,0.397675,CAMEO,8GII_B,CAMEO:8GII_B
2024-04-13_00000056_1.a3m,10001,482,7.79668,2.849879,0.485998,0.378973,CAMEO,8J2S_B,CAMEO:8J2S_B
2024-04-13_00000191_1.a3m,5,61,0.016393,0.455181,0.308197,0.784997,CAMEO,8SHM_A,CAMEO:8SHM_A
2024-04-13_00000263_1.a3m,2396,321,5.616822,3.059942,0.316714,0.302517,CAMEO,8X1A_B,CAMEO:8X1A_B
2024-04-13_00000264_1.a3m,10001,460,7.852174,2.879547,0.49228,0.33496,CAMEO,8X8P_A,CAMEO:8X8P_A
2024-04-20_00000143_1.a3m,536,581,0.688468,2.807149,0.472946,0.348133,CAMEO,8K2L_A,CAMEO:8K2L_A
2024-04-20_00000181_1.a3m,237,283,0.55477,2.508516,0.404199,0.326666,CAMEO,8QLE_A,CAMEO:8QLE_A
2024-04-20_00000249_1.a3m,15,64,0.078125,1.001687,0.38125,0.757357,CAMEO,8SKD_A,CAMEO:8SKD_A
2024-04-27_00000033_1.a3m,10001,404,17.371287,2.906154,0.536994,0.342391,CAMEO,8J5V_A,CAMEO:8J5V_A
2024-04-27_00000095_1.a3m,10001,179,21.787709,2.596867,0.250857,0.332463,CAMEO,8OUK_A,CAMEO:8OUK_A
2024-04-27_00000097_1.a3m,7561,178,16.398876,2.475652,0.279252,0.360262,CAMEO,8OUM_E,CAMEO:8OUM_E
2024-04-27_00000121_1.a3m,3792,511,4.896282,2.892293,0.621068,0.313469,CAMEO,8QMY_A,CAMEO:8QMY_A
2024-04-27_00000187_1.a3m,141,90,0.333333,1.416187,0.352167,0.612372,CAMEO,8UCZ_C,CAMEO:8UCZ_C
2024-05-04_00000092_1.a3m,3002,635,3.903937,2.894962,0.615834,0.313126,CAMEO,8JYX_A,CAMEO:8JYX_A
2024-05-04_00000110_1.a3m,216,114,0.982456,2.222242,0.208333,0.352241,CAMEO,8OZZ_A,CAMEO:8OZZ_A
2024-05-04_00000179_1.a3m,498,283,1.014134,2.707805,0.367541,0.337741,CAMEO,8SUC_A,CAMEO:8SUC_A
2024-05-04_00000201_1.a3m,497,262,0.484733,2.12158,0.323575,0.396087,CAMEO,8TB2_A,CAMEO:8TB2_A
2024-05-04_00000301_1.a3m,2733,306,4.918301,2.120976,0.446018,0.368741,CAMEO,8WU7_A,CAMEO:8WU7_A
2024-05-11_00000119_1.a3m,2215,269,5.219331,2.674596,0.337399,0.361745,CAMEO,8ISO_A,CAMEO:8ISO_A
2024-05-11_00000143_1.a3m,2597,535,3.635514,2.839946,0.490527,0.316908,CAMEO,8JGO_A,CAMEO:8JGO_A
2024-05-11_00000172_1.a3m,676,145,2.482759,2.698985,0.282381,0.385137,CAMEO,8OXR_A,CAMEO:8OXR_A
2024-05-11_00000314_1.a3m,2450,256,6.714844,2.715298,0.34927,0.374535,CAMEO,8Y9P_A,CAMEO:8Y9P_A
2024-05-11_00000320_1.a3m,319,201,0.771144,1.909511,0.517319,0.399226,CAMEO,8YXK_A,CAMEO:8YXK_A
2024-05-11_00000341_1.a3m,4160,644,1.954969,2.591262,0.504768,0.401853,CAMEO,9BCZ_A,CAMEO:9BCZ_A
2024-05-11_00000351_1.a3m,1391,572,1.458042,2.657042,0.578522,0.28874,CAMEO,9F63_A,CAMEO:9F63_A
2024-05-18_00000000_1.a3m,284,148,1.608108,2.359497,0.320494,0.338607,CAMEO,8BL5_A,CAMEO:8BL5_A
2024-05-18_00000019_1.a3m,322,427,0.419204,2.541789,0.407203,0.368703,CAMEO,8IXT_A,CAMEO:8IXT_A
2024-05-18_00000044_1.a3m,5474,597,4.184255,2.790317,0.565224,0.336139,CAMEO,8JRB_A,CAMEO:8JRB_A
2024-05-18_00000079_1.a3m,5205,627,6.341308,2.941626,0.640611,0.324141,CAMEO,8QLC_A,CAMEO:8QLC_A
2024-05-18_00000108_1.a3m,4,275,0.007273,0.374131,0.252727,0.736257,CAMEO,8R8O_A,CAMEO:8R8O_A
2024-05-18_00000178_1.a3m,4347,429,6.519814,2.911837,0.528439,0.344071,CAMEO,8W26_A,CAMEO:8W26_A
2024-05-18_00000179_1.a3m,10001,488,7.827869,2.861736,0.485318,0.37294,CAMEO,8W53_B,CAMEO:8W53_B
2024-05-18_00000180_1.a3m,4675,536,4.94403,2.690696,0.575173,0.325606,CAMEO,8W6V_A,CAMEO:8W6V_A
2024-05-18_00000209_1.a3m,904,153,4.797386,2.279344,0.168366,0.350128,CAMEO,8XJE_B,CAMEO:8XJE_B
2024-05-18_00000210_1.a3m,1232,153,6.196078,2.379662,0.200142,0.37064,CAMEO,8XJG_A,CAMEO:8XJG_A
2024-05-25_00000114_1.a3m,2651,505,3.724752,2.689404,0.421015,0.365503,CAMEO,8F9Q_A,CAMEO:8F9Q_A
2024-05-25_00000115_1.a3m,2650,501,3.774451,2.689859,0.427653,0.353331,CAMEO,8F9R_A,CAMEO:8F9R_A
2024-05-25_00000263_1.a3m,260,237,0.320675,1.9462,0.397923,0.509757,CAMEO,8V8L_A,CAMEO:8V8L_A
2024-05-25_00000267_1.a3m,259,231,0.290043,1.990079,0.38595,0.510438,CAMEO,8V8P_A,CAMEO:8V8P_A
2024-06-01_00000035_1.a3m,455,250,1.396,2.50295,0.348255,0.327738,CAMEO,8JMS_A,CAMEO:8JMS_A
2024-06-01_00000282_1.a3m,1328,275,4.116364,2.784553,0.438987,0.322113,CAMEO,9BZB_A,CAMEO:9BZB_A
2024-06-08_00000029_1.a3m,24,77,0.246753,1.542194,0.204004,0.411184,CAMEO,8JNT_A,CAMEO:8JNT_A
2024-06-08_00000130_1.a3m,1311,181,3.154696,2.70277,0.34609,0.411737,CAMEO,8TYU_A,CAMEO:8TYU_A
2024-06-08_00000197_1.a3m,10001,428,17.773364,2.731038,0.260537,0.364329,CAMEO,8W72_A,CAMEO:8W72_A
2024-06-15_00000031_1.a3m,10001,418,8.564593,1.969376,0.058658,0.454193,CAMEO,8JPT_A,CAMEO:8JPT_A
2024-06-15_00000045_1.a3m,229,177,1.124294,2.501554,0.196112,0.395895,CAMEO,8JVC_A,CAMEO:8JVC_A
2024-06-15_00000280_1.a3m,239,274,0.689781,2.568903,0.228965,0.302442,CAMEO,8ZAH_A,CAMEO:8ZAH_A
2024-06-22_00000101_1.a3m,248,365,0.6,2.68583,0.404795,0.351937,CAMEO,8PAJ_A,CAMEO:8PAJ_A
2024-06-22_00000185_1.a3m,10001,499,13.641283,2.50303,0.123978,0.303203,CAMEO,8RA0_A,CAMEO:8RA0_A
2024-06-22_00000195_1.a3m,23,31,0.032258,0.184994,0.009818,0.940491,CAMEO,8RQ6_A,CAMEO:8RQ6_A
2024-06-22_00000205_1.a3m,1505,276,3.786232,2.713778,0.267844,0.393977,CAMEO,8SV7_A,CAMEO:8SV7_A
2024-06-22_00000207_1.a3m,9756,1166,1.676672,2.712615,0.848752,0.398745,CAMEO,8T7C_A,CAMEO:8T7C_A
2024-06-22_00000217_1.a3m,5997,336,14.717262,2.94689,0.264181,0.284575,CAMEO,8T9T_A,CAMEO:8T9T_A
2024-06-29_00000064_1.a3m,10001,132,41.719697,2.190793,0.118025,0.413959,CAMEO,8PHX_C,CAMEO:8PHX_C
2024-06-29_00000074_1.a3m,1,315,0.003175,0.0,0.0,0.0,CAMEO,8QAG_A,CAMEO:8QAG_A
2024-06-29_00000075_1.a3m,1,429,0.002331,0.0,0.0,0.0,CAMEO,8QAH_B,CAMEO:8QAH_B
2024-06-29_00000078_1.a3m,1,284,0.003521,0.0,0.0,0.0,CAMEO,8QKD_A,CAMEO:8QKD_A
2024-06-29_00000092_1.a3m,568,347,0.775216,0.433146,0.864295,0.547321,CAMEO,8QZN_A,CAMEO:8QZN_A
2024-06-29_00000103_1.a3m,2095,182,7.318681,2.553844,0.448679,0.377246,CAMEO,8RJX_A,CAMEO:8RJX_A
2024-07-06_00000121_1.a3m,401,280,0.614286,0.35848,0.842652,0.540205,CAMEO,8PJS_A,CAMEO:8PJS_A
2024-07-06_00000123_1.a3m,7457,310,13.741935,3.061984,0.510133,0.361973,CAMEO,8PJU_A,CAMEO:8PJU_A
2024-07-06_00000127_1.a3m,1803,298,3.503356,2.588335,0.709414,0.430175,CAMEO,8PJY_A,CAMEO:8PJY_A
2024-07-06_00000149_2.a3m,10001,67,2.865672,1.737617,0.116899,0.543089,CAMEO,8PNA_A,CAMEO:8PNA_A
2024-07-06_00000309_1.a3m,565,829,0.442702,2.529366,0.526513,0.355678,CAMEO,8YK1_A,CAMEO:8YK1_A
2024-07-06_00000371_1.a3m,3206,238,4.44958,2.677233,0.596061,0.42573,CAMEO,9FSE_A,CAMEO:9FSE_A
2024-07-13_00000075_1.a3m,2516,524,1.585878,2.49119,0.486788,0.407213,CAMEO,8V3M_A,CAMEO:8V3M_A
2024-07-13_00000089_1.a3m,2,253,0.003953,0.0,0.0,1.0,CAMEO,8VEJ_B,CAMEO:8VEJ_B
2024-07-13_00000090_1.a3m,4,78,0.012821,0.082485,0.0,0.952991,CAMEO,8VJ1_B,CAMEO:8VJ1_B
2024-07-13_00000108_1.a3m,3528,417,6.870504,2.984005,0.330386,0.274437,CAMEO,8WCH_A,CAMEO:8WCH_A
2024-07-13_00000166_1.a3m,70,274,0.047445,1.346451,0.452555,0.65749,CAMEO,9BIZ_A,CAMEO:9BIZ_A
2024-07-13_00000209_1.a3m,681,321,1.785047,2.582104,0.410844,0.336565,CAMEO,9IJC_A,CAMEO:9IJC_A
2024-07-20_00000015_1.a3m,12,137,0.043796,1.098888,0.227494,0.529085,CAMEO,8K4M_A,CAMEO:8K4M_A
2024-07-20_00000040_1.a3m,240,320,0.459375,0.258038,0.881862,0.54953,CAMEO,8PRJ_A,CAMEO:8PRJ_A
2024-07-20_00000115_1.a3m,10001,577,4.421144,2.220663,0.324876,0.326507,CAMEO,8R0S_A,CAMEO:8R0S_A
2024-07-20_00000179_1.a3m,5566,484,5.328512,2.718675,0.466716,0.330577,CAMEO,8U7F_A,CAMEO:8U7F_A
2024-07-27_00000025_1.a3m,45,141,0.134752,1.662548,0.307959,0.487059,CAMEO,8K75_A,CAMEO:8K75_A
2024-07-27_00000030_1.a3m,2,233,0.004292,0.0,0.002146,1.0,CAMEO,8K7O_A,CAMEO:8K7O_A
2024-07-27_00000033_1.a3m,2,180,0.005556,0.0,0.052778,1.0,CAMEO,8K7Z_A,CAMEO:8K7Z_A
2024-07-27_00000035_1.a3m,2,181,0.005525,0.0,0.0,1.0,CAMEO,8K83_B,CAMEO:8K83_B
2024-07-27_00000048_1.a3m,825,146,1.321918,2.292142,0.371108,0.36091,CAMEO,8OS2_A,CAMEO:8OS2_A
2024-07-27_00000055_1.a3m,677,139,2.848921,2.372568,0.28251,0.412061,CAMEO,8Q2G_A,CAMEO:8Q2G_A
2024-07-27_00000067_1.a3m,443,165,1.048485,2.355592,0.320077,0.445629,CAMEO,8R5N_A,CAMEO:8R5N_A
2024-07-27_00000215_1.a3m,1388,170,3.1,1.807948,0.628094,0.469749,CAMEO,9CJ0_A,CAMEO:9CJ0_A
2024-07-27_00000220_1.a3m,2962,586,3.713311,2.88072,0.580588,0.335946,CAMEO,9ETN_A,CAMEO:9ETN_A
2024-08-03_00000050_1.a3m,10001,324,14.160494,2.897177,0.562502,0.362959,CAMEO,8JY1_A,CAMEO:8JY1_A
2024-08-03_00000093_1.a3m,2,162,0.006173,0.0,0.015432,1.0,CAMEO,8KC4_A,CAMEO:8KC4_A
2024-08-03_00000100_1.a3m,74,218,0.311927,2.473774,0.26091,0.341863,CAMEO,8PXD_A,CAMEO:8PXD_A
2024-08-03_00000141_1.a3m,6620,292,14.174658,2.861995,0.414395,0.377327,CAMEO,8R2J_B,CAMEO:8R2J_B
2024-08-03_00000174_1.a3m,10001,327,16.149847,2.853728,0.557208,0.367712,CAMEO,8VCE_A,CAMEO:8VCE_A
2024-08-03_00000189_1.a3m,5073,468,6.380342,2.792111,0.602973,0.335369,CAMEO,8VIH_A,CAMEO:8VIH_A
2024-08-03_00000224_1.a3m,281,282,0.758865,2.448177,0.25089,0.291998,CAMEO,8W2C_B,CAMEO:8W2C_B
2024-08-03_00000225_1.a3m,10001,345,10.342029,2.728614,0.72545,0.382724,CAMEO,8W2D_A,CAMEO:8W2D_A
2024-08-03_00000277_1.a3m,1036,482,1.085062,2.483864,0.420251,0.408438,CAMEO,8YP3_A,CAMEO:8YP3_A
2024-08-03_00000309_1.a3m,10001,548,5.50365,2.920409,0.64635,0.379128,CAMEO,9BCM_A,CAMEO:9BCM_A
2024-08-10_00000121_1.a3m,8918,391,18.191816,3.043707,0.432434,0.305215,CAMEO,8RLJ_C,CAMEO:8RLJ_C
2024-08-10_00000176_1.a3m,10001,439,13.865604,2.93016,0.394855,0.309766,CAMEO,8X1W_A,CAMEO:8X1W_A
2024-08-10_00000226_1.a3m,2482,379,4.680739,2.992551,0.631688,0.323488,CAMEO,9CRN_A,CAMEO:9CRN_A
2024-08-17_00000002_1.a3m,2,106,0.009434,0.066038,0.292453,0.840909,CAMEO,8GAC_A,CAMEO:8GAC_A
2024-08-17_00000149_1.a3m,234,310,0.619355,2.39386,0.292625,0.365091,CAMEO,9B1U_A,CAMEO:9B1U_A
2024-08-24_00000038_1.a3m,8377,70,77.971429,2.512897,0.244748,0.431549,CAMEO,8TAC_A,CAMEO:8TAC_A
2024-08-24_00000055_1.a3m,10001,474,11.862869,2.917663,0.441748,0.333109,CAMEO,8TRI_B,CAMEO:8TRI_B
2024-08-24_00000057_1.a3m,738,408,1.029412,2.572082,0.435189,0.376489,CAMEO,8TRU_A,CAMEO:8TRU_A
2024-08-24_00000059_1.a3m,561,428,0.754673,2.486954,0.42418,0.343105,CAMEO,8TSE_A,CAMEO:8TSE_A
2024-08-24_00000086_1.a3m,2068,445,2.624719,2.678812,0.356782,0.393516,CAMEO,8UMJ_A,CAMEO:8UMJ_A
2024-08-24_00000129_1.a3m,3019,290,6.189655,2.609309,0.417991,0.357811,CAMEO,8X3W_A,CAMEO:8X3W_A
2024-08-24_00000143_1.a3m,4953,269,11.855019,2.742563,0.297776,0.355694,CAMEO,8XPH_A,CAMEO:8XPH_A
2024-08-24_00000190_1.a3m,6,71,0.070423,1.010639,0.065728,0.562081,CAMEO,9EVR_A,CAMEO:9EVR_A
2024-08-31_00000045_1.a3m,1129,614,1.565147,2.890962,0.395982,0.309633,CAMEO,8KHV_A,CAMEO:8KHV_A
2024-08-31_00000046_1.a3m,908,618,1.216828,2.869761,0.363732,0.315067,CAMEO,8KHW_A,CAMEO:8KHW_A
2024-08-31_00000163_1.a3m,563,192,0.645833,1.864785,0.427352,0.522063,CAMEO,8VM1_A,CAMEO:8VM1_A
2024-08-31_00000241_1.a3m,884,171,1.824561,1.916472,0.477819,0.480544,CAMEO,8YEQ_A,CAMEO:8YEQ_A
2024-09-07_00000058_1.a3m,323,336,0.589286,2.024685,0.579804,0.479104,CAMEO,8QFB_A,CAMEO:8QFB_A
2024-09-07_00000188_1.a3m,72,118,0.5,1.948221,0.23105,0.422772,CAMEO,8WAE_A,CAMEO:8WAE_A
2024-09-07_00000209_1.a3m,1057,163,1.588957,1.970789,0.182813,0.500211,CAMEO,8WZC_A,CAMEO:8WZC_A
2024-09-07_00000248_1.a3m,573,473,0.904863,2.74456,0.350546,0.326252,CAMEO,8Z4Q_A,CAMEO:8Z4Q_A
2024-09-07_00000268_1.a3m,3747,415,6.009639,2.689141,0.426396,0.31054,CAMEO,9AUE_A,CAMEO:9AUE_A
2024-09-07_00000320_1.a3m,231,49,0.938776,1.439528,0.100097,0.668978,CAMEO,9F1G_A,CAMEO:9F1G_A
2024-09-07_00000358_1.a3m,835,260,2.161538,2.497558,0.469369,0.349454,CAMEO,9J9A_A,CAMEO:9J9A_A
2024-09-14_00000064_1.a3m,272,165,1.042424,2.340501,0.218627,0.413151,CAMEO,8QX6_A,CAMEO:8QX6_A
2024-09-14_00000096_1.a3m,2,185,0.005405,0.0,0.381081,1.0,CAMEO,8VD6_A,CAMEO:8VD6_A
2024-09-14_00000106_1.a3m,302,160,1.19375,2.474775,0.296171,0.39729,CAMEO,8WCF_A,CAMEO:8WCF_A
2024-09-14_00000130_1.a3m,560,99,2.565657,2.39182,0.149206,0.404031,CAMEO,8X8K_C,CAMEO:8X8K_C
2024-09-21_00000131_1.a3m,12,161,0.037267,1.270366,0.167702,0.49453,CAMEO,8WHN_A,CAMEO:8WHN_A
2024-09-21_00000240_1.a3m,10001,377,15.310345,2.865822,0.310169,0.330873,CAMEO,9J91_A,CAMEO:9J91_A
2024-09-28_00000073_1.a3m,980,167,3.796407,2.429578,0.160998,0.362508,CAMEO,8UDS_D,CAMEO:8UDS_D
2024-09-28_00000099_1.a3m,4006,547,5.124314,2.968221,0.609596,0.325756,CAMEO,8VWX_A,CAMEO:8VWX_A
2024-09-28_00000120_1.a3m,21,140,0.057143,1.271913,0.301701,0.693221,CAMEO,8WJ5_A,CAMEO:8WJ5_A
2024-09-28_00000133_1.a3m,7661,537,7.903166,2.85616,0.482387,0.329049,CAMEO,8WKC_A,CAMEO:8WKC_A
2024-09-28_00000162_1.a3m,1,109,0.009174,0.0,0.0,0.0,CAMEO,8XYV_A,CAMEO:8XYV_A
2024-09-28_00000167_1.a3m,1388,781,0.792574,2.6892,0.527566,0.380592,CAMEO,8YJO_A,CAMEO:8YJO_A
2024-09-28_00000244_1.a3m,52,170,0.288235,2.330229,0.098756,0.354156,CAMEO,9F9U_A,CAMEO:9F9U_A
2024-10-05_00000007_1.a3m,272,149,1.134228,2.207891,0.314696,0.456288,CAMEO,8J4V_C,CAMEO:8J4V_C
2024-10-05_00000011_1.a3m,28,150,0.086667,1.64123,0.275,0.415106,CAMEO,8JX4_D,CAMEO:8JX4_D
2024-10-05_00000041_1.a3m,795,190,2.757895,2.426472,0.166402,0.323549,CAMEO,8S8U_B,CAMEO:8S8U_B
2024-10-05_00000102_1.a3m,1546,283,4.215548,2.913845,0.280308,0.295993,CAMEO,8XET_A,CAMEO:8XET_A
2024-10-05_00000162_1.a3m,2110,591,2.979695,2.941492,0.441047,0.321344,CAMEO,9BAM_A,CAMEO:9BAM_A
2024-10-05_00000205_1.a3m,5147,311,13.344051,2.888293,0.254636,0.289005,CAMEO,9DSY_A,CAMEO:9DSY_A
2024-10-05_00000251_1.a3m,94,220,0.163636,1.782951,0.478965,0.544449,CAMEO,9ISP_A,CAMEO:9ISP_A
2024-10-12_00000069_1.a3m,6282,244,21.114754,3.110643,0.502296,0.328092,CAMEO,8RDL_A,CAMEO:8RDL_A
2024-10-12_00000093_1.a3m,2,402,0.002488,0.0,0.0,1.0,CAMEO,8S89_A,CAMEO:8S89_A
2024-10-12_00000177_1.a3m,7645,119,21.302521,2.749477,0.617742,0.462359,CAMEO,9B3G_A,CAMEO:9B3G_A
2024-10-12_00000257_1.a3m,3,179,0.011173,0.302679,0.191806,0.731818,CAMEO,9FDG_A,CAMEO:9FDG_A
2024-10-19_00000097_1.a3m,3548,508,3.466535,2.712704,0.648886,0.336749,CAMEO,8XFX_A,CAMEO:8XFX_A
2024-10-26_00000081_1.a3m,4012,92,14.01087,2.100185,0.360337,0.485612,CAMEO,8TG0_A,CAMEO:8TG0_A
2024-10-26_00000124_1.a3m,2060,285,4.554386,2.682511,0.436599,0.373382,CAMEO,8VWL_C,CAMEO:8VWL_C
2024-10-26_00000149_1.a3m,10001,332,20.590361,2.876906,0.275551,0.34679,CAMEO,8WXK_A,CAMEO:8WXK_A
2024-11-02_00000068_1.a3m,579,320,1.278125,2.592789,0.464357,0.351161,CAMEO,8OTU_B,CAMEO:8OTU_B
2024-11-02_00000074_1.a3m,67,97,0.412371,1.442992,0.38729,0.545089,CAMEO,8QJ6_A,CAMEO:8QJ6_A
2024-11-02_00000158_1.a3m,4283,373,4.533512,2.657338,0.463175,0.372076,CAMEO,8VGA_B,CAMEO:8VGA_B
2024-11-02_00000159_1.a3m,4083,383,4.258486,2.588496,0.478992,0.386833,CAMEO,8VGB_D,CAMEO:8VGB_D
2024-11-02_00000176_1.a3m,1790,712,0.994382,0.499276,0.862181,0.425685,CAMEO,8WEB_A,CAMEO:8WEB_A
2024-11-02_00000181_1.a3m,1917,702,1.203704,0.45169,0.85588,0.413958,CAMEO,8WEG_A,CAMEO:8WEG_A
2024-11-02_00000207_1.a3m,696,63,1.079365,1.716819,0.125023,0.535798,CAMEO,8X0R_A,CAMEO:8X0R_A
2024-11-02_00000286_1.a3m,3997,733,1.922237,2.621887,0.683841,0.346711,CAMEO,9B99_A,CAMEO:9B99_A
2024-11-09_00000027_1.a3m,171,121,0.867769,2.32452,0.316128,0.427706,CAMEO,8R28_A,CAMEO:8R28_A
2024-11-09_00000054_1.a3m,10001,230,24.695652,2.73917,0.211615,0.344806,CAMEO,8UMZ_A,CAMEO:8UMZ_A
2024-11-09_00000055_1.a3m,477,408,0.632353,2.586117,0.287428,0.33723,CAMEO,8UWT_A,CAMEO:8UWT_A
2024-11-16_00000056_1.a3m,3,135,0.014815,0.55778,0.05679,0.633929,CAMEO,8UQF_B,CAMEO:8UQF_B
2024-11-16_00000138_1.a3m,10001,574,14.111498,2.785612,0.293557,0.28666,CAMEO,9BHY_A,CAMEO:9BHY_A
2024-11-16_00000178_1.a3m,308,101,0.673267,1.540863,0.18619,0.64408,CAMEO,9E7C_A,CAMEO:9E7C_A
2024-11-16_00000183_1.a3m,4529,178,5.792135,2.261965,0.394789,0.41954,CAMEO,9EN5_A,CAMEO:9EN5_A
2024-11-23_00000186_1.a3m,691,63,1.095238,1.690479,0.135093,0.543529,CAMEO,8X67_A,CAMEO:8X67_A
2024-11-23_00000189_1.a3m,135,310,0.229032,2.208163,0.26779,0.385741,CAMEO,8X6E_A,CAMEO:8X6E_A
2024-11-23_00000229_1.a3m,189,476,0.260504,2.435735,0.530657,0.345361,CAMEO,9ARC_A,CAMEO:9ARC_A
2024-11-23_00000330_1.a3m,10001,296,4.584459,2.249434,0.081665,0.411223,CAMEO,9GFZ_A,CAMEO:9GFZ_A
2024-11-23_00000361_1.a3m,167,394,0.27665,2.536453,0.431974,0.450409,CAMEO,9JOM_A,CAMEO:9JOM_A
2024-11-30_00000042_1.a3m,844,636,1.034591,2.764944,0.363493,0.318567,CAMEO,8R73_A,CAMEO:8R73_A
2024-11-30_00000043_1.a3m,839,636,1.018868,2.771553,0.368356,0.318095,CAMEO,8R75_A,CAMEO:8R75_A
2024-11-30_00000069_1.a3m,10001,497,8.575453,2.855969,0.628997,0.325362,CAMEO,8S4D_A,CAMEO:8S4D_A
2024-11-30_00000074_1.a3m,4230,436,3.777523,2.884212,0.667598,0.354371,CAMEO,8TF5_A,CAMEO:8TF5_A
2024-11-30_00000177_1.a3m,547,124,1.596774,2.02396,0.36995,0.438955,CAMEO,9BAR_A,CAMEO:9BAR_A
2024-11-30_00000196_1.a3m,2246,229,4.49345,2.576133,0.285647,0.402733,CAMEO,9D0Z_A,CAMEO:9D0Z_A
2024-11-30_00000264_1.a3m,303,272,0.511029,2.281721,0.283913,0.482582,CAMEO,9H2D_A,CAMEO:9H2D_A
2024-11-30_00000289_1.a3m,92,249,0.232932,2.195511,0.326567,0.445567,CAMEO,9J61_B,CAMEO:9J61_B
2024-12-07_00000140_1.a3m,477,412,0.402913,1.991646,0.462564,0.50858,CAMEO,8P6S_A,CAMEO:8P6S_A
2024-12-07_00000152_1.a3m,2596,287,4.292683,2.625244,0.34037,0.340941,CAMEO,8RAQ_A,CAMEO:8RAQ_A
2024-12-07_00000280_1.a3m,87,124,0.403226,2.150413,0.293752,0.363789,CAMEO,8YVA_A,CAMEO:8YVA_A
2024-12-07_00000281_1.a3m,143,128,0.703125,2.378099,0.397727,0.370587,CAMEO,8YVB_A,CAMEO:8YVB_A
2024-12-07_00000430_1.a3m,470,193,1.279793,2.381063,0.402877,0.4257,CAMEO,9H48_A,CAMEO:9H48_A
2024-12-14_00000221_1.a3m,171,401,0.201995,1.949183,0.45789,0.480987,CAMEO,8RCZ_B,CAMEO:8RCZ_B
2024-12-14_00000275_1.a3m,2446,330,6.218182,2.868968,0.422707,0.303913,CAMEO,8VCB_A,CAMEO:8VCB_A
2024-12-14_00000283_1.a3m,10001,505,16.70297,3.103523,0.363213,0.275559,CAMEO,8VDX_A,CAMEO:8VDX_A
2024-12-14_00000327_1.a3m,423,287,0.585366,2.338799,0.296299,0.409409,CAMEO,8Y9R_A,CAMEO:8Y9R_A
2024-12-14_00000337_1.a3m,10001,484,12.119835,2.508096,0.766071,0.356332,CAMEO,8ZEX_A,CAMEO:8ZEX_A
2024-12-14_00000422_1.a3m,4710,275,7.712727,2.596479,0.709502,0.407525,CAMEO,9F80_A,CAMEO:9F80_A
2024-12-14_00000486_1.a3m,53,497,0.088531,2.047773,0.456247,0.362776,CAMEO,9K1G_A,CAMEO:9K1G_A
2024-12-21_00000039_1.a3m,18,34,0.117647,0.964712,0.140523,0.610336,CAMEO,8VAD_B,CAMEO:8VAD_B
2024-12-21_00000047_1.a3m,1199,420,2.157143,2.828361,0.356517,0.319293,CAMEO,8VG9_A,CAMEO:8VG9_A
2024-12-21_00000052_1.a3m,10001,310,23.429032,2.791955,0.302538,0.367087,CAMEO,8W98_A,CAMEO:8W98_A
2024-12-21_00000161_1.a3m,2288,230,4.421739,2.557958,0.330135,0.414443,CAMEO,9FDL_A,CAMEO:9FDL_A
2024-12-28_00000064_1.a3m,1269,123,5.520325,2.38856,0.235241,0.383517,CAMEO,8XKT_A,CAMEO:8XKT_A
2024-12-28_00000141_1.a3m,5884,450,10.54,2.983929,0.510059,0.296583,CAMEO,9CCB_A,CAMEO:9CCB_A
2025-01-04_00000019_1.a3m,12,207,0.014493,0.652845,0.468196,0.717162,CAMEO,8V4W_A,CAMEO:8V4W_A
2025-01-04_00000020_1.a3m,6656,571,8.735552,2.619372,0.546292,0.320815,CAMEO,8VGY_A,CAMEO:8VGY_A
2025-01-04_00000045_1.a3m,9,198,0.010101,0.490668,0.265993,0.827064,CAMEO,9BCH_A,CAMEO:9BCH_A
2025-01-04_00000047_1.a3m,2514,267,6.88764,2.812708,0.555766,0.365076,CAMEO,9BXH_A,CAMEO:9BXH_A
2025-01-04_00000101_1.a3m,141,373,0.297587,2.791107,0.266823,0.348615,CAMEO,9F9V_B,CAMEO:9F9V_B
2025-01-11_00000127_1.a3m,54,107,0.11215,1.463688,0.140706,0.498463,CAMEO,8XPI_A,CAMEO:8XPI_A
2025-01-11_00000164_1.a3m,8,33,0.060606,0.445622,0.007576,0.85812,CAMEO,8XTN_A,CAMEO:8XTN_A
2025-01-11_00000208_1.a3m,442,265,1.09434,2.475381,0.383138,0.378381,CAMEO,8YTV_A,CAMEO:8YTV_A
2025-01-11_00000209_1.a3m,383,260,0.946154,2.393373,0.362573,0.39005,CAMEO,8YTW_A,CAMEO:8YTW_A
2025-01-11_00000210_1.a3m,319,260,0.738462,2.304436,0.349277,0.397159,CAMEO,8YTY_A,CAMEO:8YTY_A
2025-01-11_00000226_1.a3m,896,397,1.06801,2.450232,0.497425,0.399682,CAMEO,9AZ1_A,CAMEO:9AZ1_A
2025-01-18_00000048_1.a3m,2435,291,2.487973,2.269891,0.420003,0.488123,CAMEO,8XT5_A,CAMEO:8XT5_A
2025-01-18_00000051_1.a3m,207,447,0.297539,2.343702,0.472976,0.333998,CAMEO,8XUJ_A,CAMEO:8XUJ_A
2025-01-18_00000056_1.a3m,227,588,0.173469,2.081219,0.485488,0.465166,CAMEO,8XVR_C,CAMEO:8XVR_C
2025-01-18_00000123_1.a3m,10001,580,10.915517,2.830488,0.303742,0.335641,CAMEO,9AVH_A,CAMEO:9AVH_A
2025-01-18_00000151_1.a3m,2357,468,2.442308,2.73205,0.461325,0.316696,CAMEO,9BZ4_A,CAMEO:9BZ4_A
2025-01-25_00000022_1.a3m,98,100,0.61,1.957402,0.309388,0.392333,CAMEO,8RNZ_A,CAMEO:8RNZ_A
2025-01-25_00000105_1.a3m,313,349,0.702006,2.757457,0.386325,0.363604,CAMEO,8YSD_A,CAMEO:8YSD_A
2025-01-25_00000115_1.a3m,789,405,1.306173,2.81427,0.534726,0.329977,CAMEO,8YSQ_A,CAMEO:8YSQ_A
2025-02-01_00000006_1.a3m,5960,187,15.700535,2.617188,0.260876,0.390757,CAMEO,8PVW_A,CAMEO:8PVW_A
2025-02-01_00000095_1.a3m,30,208,0.110577,1.574352,0.299519,0.482281,CAMEO,8ZT3_D,CAMEO:8ZT3_D
2025-02-08_00000046_1.a3m,1435,491,1.680244,2.630718,0.507087,0.370121,CAMEO,8RU6_B,CAMEO:8RU6_B
2025-02-08_00000061_1.a3m,10001,499,12.875752,2.767481,0.345114,0.406474,CAMEO,8S6D_A,CAMEO:8S6D_A
2025-02-08_00000309_1.a3m,9919,103,35.776699,2.183103,0.324313,0.448224,CAMEO,9LQK_A,CAMEO:9LQK_A
2025-02-15_00000073_1.a3m,10001,473,7.547569,2.83808,0.553798,0.369048,CAMEO,8ZNK_A,CAMEO:8ZNK_A
2025-02-15_00000125_1.a3m,2,116,0.008621,0.0,0.0,1.0,CAMEO,9DED_A,CAMEO:9DED_A
2025-02-15_00000127_1.a3m,3,164,0.012195,0.481545,0.069106,0.669231,CAMEO,9DEF_A,CAMEO:9DEF_A
2025-02-15_00000128_1.a3m,2,158,0.012658,0.417722,0.003165,0.579618,CAMEO,9DEG_A,CAMEO:9DEG_A
2025-02-15_00000150_1.a3m,462,251,1.302789,2.436529,0.2474,0.367304,CAMEO,9EOL_A,CAMEO:9EOL_A
2025-02-15_00000182_1.a3m,1,35,0.028571,0.0,0.0,0.0,CAMEO,9J5H_A,CAMEO:9J5H_A
2025-02-15_00000204_1.a3m,2,158,0.012658,0.462025,0.006329,0.532051,CAMEO,9MRB_A,CAMEO:9MRB_A
2025-02-22_00000304_1.a3m,1113,402,1.492537,2.619325,0.279619,0.376165,CAMEO,8YFH_A,CAMEO:8YFH_A
2025-02-22_00000379_1.a3m,2,208,0.004808,0.0,0.009615,1.0,CAMEO,9EIE_A,CAMEO:9EIE_A
2025-02-22_00000381_1.a3m,10001,921,5.554832,2.707127,0.479675,0.3179,CAMEO,9EJN_A,CAMEO:9EJN_A
2025-02-22_00000413_1.a3m,772,337,0.412463,1.69488,0.327836,0.537427,CAMEO,9GR8_A,CAMEO:9GR8_A
2025-02-22_00000422_1.a3m,384,390,0.474359,2.303542,0.436031,0.431302,CAMEO,9HDL_A,CAMEO:9HDL_A
2025-03-03_00000060_1.a3m,556,346,0.806358,1.60557,0.728911,0.370648,CAMEO,8S3M_A,CAMEO:8S3M_A
2025-03-03_00000104_1.a3m,10001,411,18.284672,2.758204,0.247813,0.34458,CAMEO,8YHN_A,CAMEO:8YHN_A
2025-03-03_00000106_1.a3m,4532,453,4.752759,2.857127,0.467768,0.346111,CAMEO,8YI2_A,CAMEO:8YI2_A
2025-03-03_00000169_1.a3m,327,443,0.512415,2.243151,0.292059,0.414614,CAMEO,9CG1_A,CAMEO:9CG1_A
2025-03-03_00000199_1.a3m,3,132,0.015152,0.438278,0.070707,0.697115,CAMEO,9DM3_A,CAMEO:9DM3_A
2025-03-03_00000286_1.a3m,193,305,0.521311,2.386897,0.508808,0.34485,CAMEO,9I2L_A,CAMEO:9I2L_A
2025-03-08_00000005_1.a3m,1253,336,2.4375,2.763096,0.488278,0.293896,CAMEO,8QCE_B,CAMEO:8QCE_B
2025-03-08_00000018_1.a3m,6863,487,7.482546,2.99572,0.560975,0.304506,CAMEO,8S6G_A,CAMEO:8S6G_A
2025-03-08_00000098_1.a3m,15,412,0.031553,1.720172,0.273948,0.368493,CAMEO,8ZWZ_A,CAMEO:8ZWZ_A
2025-03-08_00000217_1.a3m,65,473,0.084567,2.234805,0.254611,0.261619,CAMEO,9EHU_A,CAMEO:9EHU_A
2025-03-15_00000258_1.a3m,340,334,0.571856,2.637602,0.441687,0.409989,CAMEO,9EMO_A,CAMEO:9EMO_A
2025-03-15_00000265_1.a3m,248,141,0.822695,2.355644,0.344544,0.45985,CAMEO,9F4C_A,CAMEO:9F4C_A
2025-03-15_00000378_1.a3m,2496,489,2.99591,2.672545,0.423482,0.355343,CAMEO,9KB1_A,CAMEO:9KB1_A
2025-03-15_00000399_1.a3m,2607,620,2.435484,2.64915,0.564676,0.329277,CAMEO,9LXL_A,CAMEO:9LXL_A
2025-03-22_00000174_1.a3m,2,83,0.012048,0.0,0.0,1.0,CAMEO,9DE9_B,CAMEO:9DE9_B
2025-03-22_00000350_1.a3m,62,177,0.056497,1.271132,0.33388,0.52808,CAMEO,9NSM_B,CAMEO:9NSM_B
2025-03-29_00000270_1.a3m,4148,412,7.878641,3.187732,0.354175,0.311682,CAMEO,8ZOP_A,CAMEO:8ZOP_A
2025-03-29_00000273_1.a3m,10001,239,25.497908,2.650967,0.083622,0.334752,CAMEO,8ZVS_A,CAMEO:8ZVS_A
2025-03-29_00000382_1.a3m,76,113,0.40708,2.173996,0.080927,0.396586,CAMEO,9FU8_A,CAMEO:9FU8_A
2025-03-29_00000406_1.a3m,3157,397,2.826196,2.710251,0.465106,0.407243,CAMEO,9I5A_A,CAMEO:9I5A_A
2025-04-05_00000065_1.a3m,607,293,1.573379,2.592882,0.253504,0.35316,CAMEO,9B86_A,CAMEO:9B86_A
2025-04-05_00000178_1.a3m,940,176,2.159091,2.235835,0.454582,0.41731,CAMEO,9EUM_A,CAMEO:9EUM_A
2025-04-05_00000199_1.a3m,2697,361,5.077562,2.756485,0.404189,0.356631,CAMEO,9FW6_A,CAMEO:9FW6_A
2025-04-05_00000257_1.a3m,38,377,0.076923,2.134853,0.45728,0.320994,CAMEO,9KGB_A,CAMEO:9KGB_A
7FTU_1%7CChain.a3m,1099,362,1.729282,2.850598,0.386906,0.353378,PDB,7FTU,PDB:7FTU
7FY1_1%7CChain.a3m,1682,135,5.392593,2.439831,0.21862,0.400622,PDB,7FY1,PDB:7FY1
7FZG_1%7CChain.a3m,1928,135,6.548148,2.52172,0.20748,0.407813,PDB,7FZG,PDB:7FZG
7GAU_1%7CChain.a3m,1352,121,2.983471,2.027422,0.202547,0.446227,PDB,7GAU,PDB:7GAU
7GYB_1%7CChain.a3m,10001,394,9.758883,2.481947,0.323048,0.509613,PDB,7GYB,PDB:7GYB
7H05_1%7CChain.a3m,1917,170,4.688235,2.450255,0.321572,0.368869,PDB,7H05,PDB:7H05
7H2V_1%7CChain.a3m,101,150,0.066667,1.128284,0.337888,0.683767,PDB,7H2V,PDB:7H2V
7HI8_1%7CChain.a3m,3118,173,3.046243,1.975934,0.190403,0.50824,PDB,7HI8,PDB:7HI8
7HJ6_1%7CChain.a3m,3,126,0.015873,0.481012,0.071429,0.666667,PDB,7HJ6,PDB:7HJ6
7HOB_1%7CChain.a3m,10001,188,16.191489,2.526364,0.195895,0.378644,PDB,7HOB,PDB:7HOB
7I2X_1%7CChain.a3m,192,637,0.089482,2.090472,0.460704,0.560272,PDB,7I2X,PDB:7I2X
7IGC_1%7CChain.a3m,4657,330,9.587879,2.772266,0.248102,0.352868,PDB,7IGC,PDB:7IGC
7QQI_1%7CChain.a3m,958,491,0.96334,2.494101,0.506544,0.348976,PDB,7QQI,PDB:7QQI
7QQM_1%7CChain.a3m,6525,414,3.369565,2.574441,0.633876,0.400698,PDB,7QQM,PDB:7QQM
7QRO_1%7CChain.a3m,368,183,1.065574,2.392281,0.49605,0.331223,PDB,7QRO,PDB:7QRO
7QRW_1%7CChain.a3m,229,281,0.298932,0.609691,0.771154,0.532949,PDB,7QRW,PDB:7QRW
7QRZ_1%7CChain.a3m,7119,190,12.984211,2.587464,0.289684,0.313132,PDB,7QRZ,PDB:7QRZ
7QS2_1%7CChain.a3m,10001,179,16.296089,2.5151,0.197644,0.371388,PDB,7QS2,PDB:7QS2
7QS3_1%7CChain.a3m,9000,209,12.090909,2.462363,0.270335,0.360452,PDB,7QS3,PDB:7QS3
7QST_1%7CChain.a3m,228,379,0.480211,2.825617,0.364915,0.313131,PDB,7QST,PDB:7QST
7QSU_1%7CChain.a3m,489,374,1.080214,2.95591,0.373894,0.307286,PDB,7QSU,PDB:7QSU
7QU0_1%7CChain.a3m,4441,281,12.099644,2.924905,0.421866,0.308195,PDB,7QU0,PDB:7QU0
7QUT_1%7CChain.a3m,3610,508,3.580709,2.823616,0.43172,0.35896,PDB,7QUT,PDB:7QUT
7QVD_1%7CChain.a3m,1909,380,2.521053,2.506775,0.486383,0.399961,PDB,7QVD,PDB:7QVD
7QXV_1%7CChain.a3m,449,345,0.849275,2.457332,0.294393,0.406324,PDB,7QXV,PDB:7QXV
7QZK_1%7CChain.a3m,210,221,0.542986,2.341914,0.205645,0.440628,PDB,7QZK,PDB:7QZK
7R25_1%7CChain.a3m,994,190,3.352632,2.542664,0.423917,0.362329,PDB,7R25,PDB:7R25
7TDR_1%7CChain.a3m,15,306,0.035948,1.591568,0.374292,0.401508,PDB,7TDR,PDB:7TDR
7TFM_1%7CChain.a3m,225,158,0.873418,2.416787,0.119325,0.27975,PDB,7TFM,PDB:7TFM
7TGT_1%7CChain.a3m,10001,164,14.567073,2.149239,0.247714,0.530229,PDB,7TGT,PDB:7TGT
7TLV_1%7CChain.a3m,514,227,1.801762,2.665826,0.174412,0.317477,PDB,7TLV,PDB:7TLV
7TLW_1%7CChain.a3m,276,140,0.828571,2.248874,0.212345,0.4634,PDB,7TLW,PDB:7TLW
7TM4_1%7CChain.a3m,2106,435,2.850575,2.666271,0.338695,0.378104,PDB,7TM4,PDB:7TM4
7TOG_1%7CChain.a3m,1759,386,2.601036,2.497932,0.332801,0.377657,PDB,7TOG,PDB:7TOG
7TUA_1%7CChain.a3m,9369,157,18.363057,2.736747,0.332011,0.372623,PDB,7TUA,PDB:7TUA
7TVG_1%7CChain.a3m,133,507,0.065089,0.482215,0.875413,0.651556,PDB,7TVG,PDB:7TVG
7TVL_1%7CChain.a3m,253,227,0.762115,2.420305,0.437621,0.406592,PDB,7TVL,PDB:7TVL
7TVW_1%7CChain.a3m,4500,275,11.418182,2.955116,0.50298,0.307417,PDB,7TVW,PDB:7TVW
7TY1_1%7CChain.a3m,122,134,0.395522,2.041882,0.179777,0.41822,PDB,7TY1,PDB:7TY1
7TZ9_1%7CChain.a3m,1099,304,3.167763,2.998378,0.48014,0.32628,PDB,7TZ9,PDB:7TZ9
7U0V_1%7CChain.a3m,16,161,0.080745,1.6878,0.146739,0.407216,PDB,7U0V,PDB:7U0V
7U1C_1%7CChain.a3m,10001,469,17.690832,2.915259,0.470669,0.331701,PDB,7U1C,PDB:7U1C
7U4W_1%7CChain.a3m,942,155,1.470968,2.216075,0.569447,0.445436,PDB,7U4W,PDB:7U4W
7UC3_1%7CChain.a3m,190,155,0.425806,1.901573,0.232937,0.437347,PDB,7UC3,PDB:7UC3
7UDO_1%7CChain.a3m,2,172,0.005814,0.0,0.372093,1.0,PDB,7UDO,PDB:7UDO
7UEK_1%7CChain.a3m,2,242,0.004132,0.0,0.0,1.0,PDB,7UEK,PDB:7UEK
7UK3_1%7CChain.a3m,736,326,1.352761,2.534847,0.321827,0.389142,PDB,7UK3,PDB:7UK3
7UK6_1%7CChain.a3m,636,394,0.796954,2.51907,0.444135,0.419037,PDB,7UK6,PDB:7UK6
7UK8_1%7CChain.a3m,616,394,0.771574,2.547547,0.423454,0.43075,PDB,7UK8,PDB:7UK8
7UKB_1%7CChain.a3m,6225,265,16.528302,3.018321,0.394053,0.302114,PDB,7UKB,PDB:7UKB
7UMJ_1%7CChain.a3m,34,294,0.05102,1.426832,0.57393,0.623536,PDB,7UMJ,PDB:7UMJ
7UNO_1%7CChain.a3m,2667,260,8.526923,2.589136,0.402646,0.320698,PDB,7UNO,PDB:7UNO
7UOF_1%7CChain.a3m,3150,423,4.293144,2.810399,0.354353,0.319284,PDB,7UOF,PDB:7UOF
7USK_1%7CChain.a3m,10001,109,29.256881,2.520899,0.255487,0.419566,PDB,7USK,PDB:7USK
7UVG_1%7CChain.a3m,23,183,0.081967,1.675542,0.224519,0.451888,PDB,7UVG,PDB:7UVG
7UW8_1%7CChain.a3m,466,257,0.758755,2.452607,0.295027,0.410665,PDB,7UW8,PDB:7UW8
7UXG_1%7CChain.a3m,1110,273,3.578755,2.988209,0.364337,0.33649,PDB,7UXG,PDB:7UXG
7WKH_1%7CChain.a3m,260,160,0.875,2.5369,0.200264,0.358231,PDB,7WKH,PDB:7WKH
7WMX_1%7CChain.a3m,15,296,0.02027,0.946758,0.528153,0.581257,PDB,7WMX,PDB:7WMX
7WNS_1%7CChain.a3m,99,444,0.146396,2.049883,0.504823,0.401098,PDB,7WNS,PDB:7WNS
7WNT_1%7CChain.a3m,2032,558,1.811828,2.69785,0.511879,0.359269,PDB,7WNT,PDB:7WNT
7WR2_1%7CChain.a3m,36,161,0.10559,1.457541,0.328502,0.645067,PDB,7WR2,PDB:7WR2
7WRN_1%7CChain.a3m,1628,310,2.129032,2.588627,0.655544,0.412646,PDB,7WRN,PDB:7WRN
7WRU_1%7CChain.a3m,2771,531,1.645951,2.457345,0.52672,0.402295,PDB,7WRU,PDB:7WRU
7WVR_1%7CChain.a3m,1646,199,4.175879,2.552065,0.46102,0.386365,PDB,7WVR,PDB:7WVR
7WW3_1%7CChain.a3m,2837,178,6.640449,2.703603,0.301575,0.335214,PDB,7WW3,PDB:7WW3
7WW4_1%7CChain.a3m,8243,480,5.91875,2.817835,0.60855,0.370014,PDB,7WW4,PDB:7WW4
7WX2_1%7CChain.a3m,10001,121,26.479339,2.566493,0.334152,0.407086,PDB,7WX2,PDB:7WX2
7X0P_1%7CChain.a3m,3546,354,8.288136,2.640286,0.389535,0.284316,PDB,7X0P,PDB:7X0P
7X3H_1%7CChain.a3m,187,290,0.575862,2.852896,0.267748,0.318712,PDB,7X3H,PDB:7X3H
7X4A_1%7CChain.a3m,245,303,0.610561,2.448437,0.323473,0.361784,PDB,7X4A,PDB:7X4A
7X4E_1%7CChain.a3m,66,134,0.432836,2.258807,0.238693,0.347919,PDB,7X4E,PDB:7X4E
7X4F_1%7CChain.a3m,268,303,0.643564,2.502006,0.322927,0.368621,PDB,7X4F,PDB:7X4F
7X77_1%7CChain.a3m,22,378,0.015873,0.973186,0.662217,0.713438,PDB,7X77,PDB:7X77
7X8L_1%7CChain.a3m,10001,514,10.437743,2.831574,0.439755,0.379857,PDB,7X8L,PDB:7X8L
7X9R_1%7CChain.a3m,585,503,1.043738,2.941026,0.550349,0.283626,PDB,7X9R,PDB:7X9R
7XC0_1%7CChain.a3m,10001,291,11.195876,2.510888,0.206445,0.402162,PDB,7XC0,PDB:7XC0
7XC9_1%7CChain.a3m,331,154,0.785714,2.360153,0.187272,0.369335,PDB,7XC9,PDB:7XC9
7XCD_1%7CChain.a3m,7,178,0.033708,1.444696,0.077047,0.43313,PDB,7XCD,PDB:7XCD
7XCE_1%7CChain.a3m,249,268,0.216418,0.422918,0.868204,0.73594,PDB,7XCE,PDB:7XCE
7XE6_1%7CChain.a3m,516,164,2.353659,2.635315,0.259005,0.372844,PDB,7XE6,PDB:7XE6
7XH0_1%7CChain.a3m,115,308,0.103896,1.936808,0.647403,0.460058,PDB,7XH0,PDB:7XH0
7XHK_1%7CChain.a3m,10001,348,12.678161,2.847219,0.321937,0.34728,PDB,7XHK,PDB:7XHK
7XHZ_1%7CChain.a3m,2860,231,11.004329,3.144646,0.258112,0.284139,PDB,7XHZ,PDB:7XHZ
7XJR_1%7CChain.a3m,825,337,1.952522,2.863445,0.454358,0.307904,PDB,7XJR,PDB:7XJR
7XMH_1%7CChain.a3m,335,294,0.527211,2.287117,0.437415,0.430153,PDB,7XMH,PDB:7XMH
7XPJ_1%7CChain.a3m,366,166,0.662651,1.853304,0.208358,0.493863,PDB,7XPJ,PDB:7XPJ
7XPW_1%7CChain.a3m,531,127,2.393701,2.379032,0.28431,0.426526,PDB,7XPW,PDB:7XPW
7XQ4_1%7CChain.a3m,493,514,0.618677,2.545051,0.539301,0.379035,PDB,7XQ4,PDB:7XQ4
7XRJ_1%7CChain.a3m,246,341,0.44868,2.285494,0.391019,0.401638,PDB,7XRJ,PDB:7XRJ
7XT3_1%7CChain.a3m,919,208,2.793269,2.715889,0.363271,0.357768,PDB,7XT3,PDB:7XT3
7XTF_1%7CChain.a3m,328,367,0.741144,2.642773,0.356691,0.323542,PDB,7XTF,PDB:7XTF
7XW1_1%7CChain.a3m,2100,145,8.213793,2.60666,0.260851,0.388708,PDB,7XW1,PDB:7XW1
7XWY_1%7CChain.a3m,10001,389,7.573265,2.632017,0.445432,0.397523,PDB,7XWY,PDB:7XWY
7XZ8_1%7CChain.a3m,144,463,0.192225,2.215883,0.204449,0.434295,PDB,7XZ8,PDB:7XZ8
7Y19_1%7CChain.a3m,67,144,0.326389,2.348128,0.288143,0.375672,PDB,7Y19,PDB:7Y19
7Y3B_1%7CChain.a3m,10001,191,15.403141,2.487102,0.22057,0.402451,PDB,7Y3B,PDB:7Y3B
7Y4H_1%7CChain.a3m,377,338,0.434911,2.163087,0.488048,0.479941,PDB,7Y4H,PDB:7Y4H
7Y50_1%7CChain.a3m,978,378,2.050265,2.869826,0.285801,0.306497,PDB,7Y50,PDB:7Y50
7Y54_1%7CChain.a3m,3120,100,13.45,2.684229,0.138397,0.354096,PDB,7Y54,PDB:7Y54
7Y5J_1%7CChain.a3m,5806,102,24.0,2.792049,0.186914,0.342883,PDB,7Y5J,PDB:7Y5J
7Y5M_1%7CChain.a3m,94,170,0.441176,2.532189,0.299937,0.309067,PDB,7Y5M,PDB:7Y5M
7Y7N_1%7CChain.a3m,117,137,0.649635,2.073687,0.141182,0.410829,PDB,7Y7N,PDB:7Y7N
7YC6_1%7CChain.a3m,6265,188,23.712766,2.860687,0.292001,0.34347,PDB,7YC6,PDB:7YC6
7YEQ_1%7CChain.a3m,5,307,0.013029,1.053343,0.104886,0.522999,PDB,7YEQ,PDB:7YEQ
7YGK_1%7CChain.a3m,508,113,2.893805,2.351058,0.233834,0.463204,PDB,7YGK,PDB:7YGK
7YIB_1%7CChain.a3m,166,500,0.226,2.490561,0.43147,0.368491,PDB,7YIB,PDB:7YIB
7YPL_1%7CChain.a3m,735,101,2.49505,2.407562,0.207476,0.373958,PDB,7YPL,PDB:7YPL
7YUG_1%7CChain.a3m,153,118,0.20339,1.393823,0.180459,0.679666,PDB,7YUG,PDB:7YUG
7YX7_1%7CChain.a3m,3928,677,2.930576,2.850483,0.502133,0.351238,PDB,7YX7,PDB:7YX7
7YZV_1%7CChain.a3m,48,199,0.165829,2.145285,0.185302,0.410215,PDB,7YZV,PDB:7YZV
7Z0A_1%7CChain.a3m,602,248,1.66129,2.71689,0.294254,0.338564,PDB,7Z0A,PDB:7Z0A
7Z32_1%7CChain.a3m,442,412,0.650485,2.676838,0.333222,0.363098,PDB,7Z32,PDB:7Z32
7Z3S_1%7CChain.a3m,231,298,0.305369,2.014372,0.456419,0.510371,PDB,7Z3S,PDB:7Z3S
7Z5T_1%7CChain.a3m,30,433,0.039261,1.858476,0.360816,0.441877,PDB,7Z5T,PDB:7Z5T
7Z65_1%7CChain.a3m,484,283,1.187279,2.565237,0.485676,0.32865,PDB,7Z65,PDB:7Z65
7ZBF_1%7CChain.a3m,9935,376,15.332447,2.883406,0.291648,0.326645,PDB,7ZBF,PDB:7ZBF
7ZC0_1%7CChain.a3m,1015,726,0.53168,2.606045,0.732322,0.375775,PDB,7ZC0,PDB:7ZC0
7ZEE_1%7CChain.a3m,756,302,1.172185,2.419692,0.322616,0.428633,PDB,7ZEE,PDB:7ZEE
7ZGM_1%7CChain.a3m,2776,709,1.719323,2.67543,0.431004,0.370664,PDB,7ZGM,PDB:7ZGM
7ZHE_1%7CChain.a3m,276,158,1.424051,2.747232,0.275592,0.317894,PDB,7ZHE,PDB:7ZHE
7ZJR_1%7CChain.a3m,145,293,0.361775,2.650803,0.284783,0.342035,PDB,7ZJR,PDB:7ZJR
7ZNP_1%7CChain.a3m,703,505,0.706931,2.468678,0.417394,0.385869,PDB,7ZNP,PDB:7ZNP
7ZNZ_1%7CChain.a3m,3116,761,1.959264,2.680054,0.491541,0.376893,PDB,7ZNZ,PDB:7ZNZ
7ZOI_1%7CChain.a3m,78,151,0.231788,0.681158,0.666582,0.513567,PDB,7ZOI,PDB:7ZOI
7ZP6_1%7CChain.a3m,238,324,0.626543,2.644191,0.420181,0.304111,PDB,7ZP6,PDB:7ZP6
7ZPT_1%7CChain.a3m,2664,340,4.717647,2.78914,0.360422,0.360482,PDB,7ZPT,PDB:7ZPT
7ZTV_1%7CChain.a3m,1429,249,1.441767,2.477272,0.424663,0.353746,PDB,7ZTV,PDB:7ZTV
7ZU3_1%7CChain.a3m,48,132,0.280303,1.955213,0.196181,0.464122,PDB,7ZU3,PDB:7ZU3
7ZUG_1%7CChain.a3m,1965,102,7.607843,2.403278,0.238582,0.451639,PDB,7ZUG,PDB:7ZUG
7ZVO_1%7CChain.a3m,48,141,0.234043,1.994251,0.239362,0.427485,PDB,7ZVO,PDB:7ZVO
7ZYA_1%7CChain.a3m,1654,303,2.554455,2.457476,0.261596,0.398427,PDB,7ZYA,PDB:7ZYA
7ZZX_1%7CChain.a3m,2465,204,8.72549,2.637521,0.361711,0.378416,PDB,7ZZX,PDB:7ZZX
8A24_1%7CChain.a3m,3294,314,8.156051,2.999669,0.29922,0.318603,PDB,8A24,PDB:8A24
8A2L_1%7CChain.a3m,2473,182,4.763736,2.343189,0.337071,0.506566,PDB,8A2L,PDB:8A2L
8A2V_1%7CChain.a3m,9409,128,38.59375,2.450163,0.267732,0.361874,PDB,8A2V,PDB:8A2V
8A3K_1%7CChain.a3m,2,135,0.007407,0.0,0.1,1.0,PDB,8A3K,PDB:8A3K
8A55_1%7CChain.a3m,11,118,0.025424,0.893126,0.013867,0.727142,PDB,8A55,PDB:8A55
8AAQ_1%7CChain.a3m,507,253,0.980237,2.582479,0.337153,0.320924,PDB,8AAQ,PDB:8AAQ
8ACR_1%7CChain.a3m,4034,510,3.954902,2.788855,0.675891,0.386868,PDB,8ACR,PDB:8ACR
8ADD_1%7CChain.a3m,335,213,0.647887,2.512649,0.240446,0.371119,PDB,8ADD,PDB:8ADD
8AE7_1%7CChain.a3m,10001,328,10.551829,2.58737,0.228077,0.35551,PDB,8AE7,PDB:8AE7
8AH5_1%7CChain.a3m,10001,104,18.903846,2.536243,0.25638,0.4163,PDB,8AH5,PDB:8AH5
8AH9_1%7CChain.a3m,4,120,0.025,0.6923,0.160417,0.545279,PDB,8AH9,PDB:8AH9
8AK2_1%7CChain.a3m,10001,297,11.744108,2.500259,0.168155,0.322242,PDB,8AK2,PDB:8AK2
8AMT_1%7CChain.a3m,225,132,0.795455,2.203541,0.282896,0.44143,PDB,8AMT,PDB:8AMT
8AOL_1%7CChain.a3m,338,145,0.862069,2.025307,0.31467,0.42679,PDB,8AOL,PDB:8AOL
8AR9_1%7CChain.a3m,2297,183,5.387978,2.464591,0.264577,0.419061,PDB,8AR9,PDB:8AR9
8ARL_1%7CChain.a3m,155,246,0.386179,2.41492,0.202806,0.369226,PDB,8ARL,PDB:8ARL
8AZB_1%7CChain.a3m,10001,521,15.798464,3.056907,0.265058,0.287803,PDB,8AZB,PDB:8AZB
8B0Q_1%7CChain.a3m,1517,252,3.551587,2.35905,0.305108,0.384947,PDB,8B0Q,PDB:8B0Q
8B2E_1%7CChain.a3m,1232,143,2.832168,2.063099,0.219871,0.384679,PDB,8B2E,PDB:8B2E
8B34_1%7CChain.a3m,10001,318,14.349057,2.60799,0.368522,0.417326,PDB,8B34,PDB:8B34
8B3Y_1%7CChain.a3m,1354,335,3.062687,2.953596,0.429132,0.314551,PDB,8B3Y,PDB:8B3Y
8B4U_1%7CChain.a3m,10001,277,27.476534,3.080734,0.347398,0.30511,PDB,8B4U,PDB:8B4U
8B6U_1%7CChain.a3m,161,483,0.281573,2.268341,0.550365,0.351706,PDB,8B6U,PDB:8B6U
8B9O_1%7CChain.a3m,1513,155,6.103226,2.523896,0.254205,0.37758,PDB,8B9O,PDB:8B9O
8BA5_1%7CChain.a3m,621,144,1.381944,2.218868,0.204498,0.498569,PDB,8BA5,PDB:8BA5
8BAT_1%7CChain.a3m,193,254,0.488189,1.995376,0.371119,0.491593,PDB,8BAT,PDB:8BAT
8BAU_1%7CChain.a3m,1408,189,4.544974,2.558286,0.318708,0.379954,PDB,8BAU,PDB:8BAU
8BBM_1%7CChain.a3m,7,170,0.035294,1.072811,0.089076,0.564698,PDB,8BBM,PDB:8BBM
8BBW_1%7CChain.a3m,557,124,2.451613,2.352359,0.2221,0.42546,PDB,8BBW,PDB:8BBW
8BDP_1%7CChain.a3m,6107,534,6.44382,2.868103,0.446881,0.340808,PDB,8BDP,PDB:8BDP
8BFH_1%7CChain.a3m,434,179,0.927374,2.06545,0.22143,0.583985,PDB,8BFH,PDB:8BFH
8BGR_1%7CChain.a3m,15,300,0.023333,0.891023,0.532,0.640837,PDB,8BGR,PDB:8BGR
8BJC_1%7CChain.a3m,6655,205,16.980488,2.648748,0.439999,0.39093,PDB,8BJC,PDB:8BJC
8BJE_1%7CChain.a3m,6858,133,25.233083,2.411563,0.229841,0.401206,PDB,8BJE,PDB:8BJE
8BNW_1%7CChain.a3m,2671,297,7.003367,2.9217,0.29824,0.323045,PDB,8BNW,PDB:8BNW
8BP1_1%7CChain.a3m,4786,242,15.615702,3.066874,0.476982,0.323185,PDB,8BP1,PDB:8BP1
8BPZ_1%7CChain.a3m,194,326,0.570552,2.733117,0.169091,0.296632,PDB,8BPZ,PDB:8BPZ
8BQC_1%7CChain.a3m,1180,306,2.153595,2.419693,0.336615,0.413333,PDB,8BQC,PDB:8BQC
8BRW_1%7CChain.a3m,3738,568,2.47007,2.719805,0.549936,0.349262,PDB,8BRW,PDB:8BRW
8BS5_1%7CChain.a3m,2001,198,1.737374,2.195498,0.355769,0.459669,PDB,8BS5,PDB:8BS5
8BTM_1%7CChain.a3m,1699,263,5.106464,2.850014,0.379904,0.340496,PDB,8BTM,PDB:8BTM
8BTX_1%7CChain.a3m,646,183,2.20765,2.211359,0.360478,0.455835,PDB,8BTX,PDB:8BTX
8BVP_1%7CChain.a3m,11,542,0.012915,1.022944,0.448507,0.505639,PDB,8BVP,PDB:8BVP
8BXA_1%7CChain.a3m,1537,116,9.715517,2.496435,0.121581,0.342228,PDB,8BXA,PDB:8BXA
8BXH_1%7CChain.a3m,10001,316,9.357595,2.506267,0.209782,0.377539,PDB,8BXH,PDB:8BXH
8BY4_1%7CChain.a3m,316,122,2.057377,2.87803,0.220404,0.317544,PDB,8BY4,PDB:8BY4
8BZQ_1%7CChain.a3m,173,183,0.377049,1.904701,0.375217,0.50425,PDB,8BZQ,PDB:8BZQ
8C09_1%7CChain.a3m,10001,289,12.768166,2.631665,0.163305,0.295767,PDB,8C09,PDB:8C09
8C0T_1%7CChain.a3m,467,303,0.20132,1.566529,0.781267,0.485689,PDB,8C0T,PDB:8C0T
8C5B_1%7CChain.a3m,4418,668,5.178144,2.836901,0.48508,0.315272,PDB,8C5B,PDB:8C5B
8C5N_1%7CChain.a3m,958,193,2.331606,2.492619,0.230473,0.402169,PDB,8C5N,PDB:8C5N
8C6E_1%7CChain.a3m,280,125,1.352,2.478274,0.163286,0.34867,PDB,8C6E,PDB:8C6E
8C6U_1%7CChain.a3m,10001,498,17.861446,3.075182,0.316157,0.285065,PDB,8C6U,PDB:8C6U
8C7D_1%7CChain.a3m,9403,201,16.402985,2.8339,0.197184,0.330265,PDB,8C7D,PDB:8C7D
8CBA_1%7CChain.a3m,20,214,0.056075,1.639277,0.197196,0.418793,PDB,8CBA,PDB:8CBA
8CDS_1%7CChain.a3m,4109,127,6.23622,2.197923,0.286883,0.436779,PDB,8CDS,PDB:8CDS
8CDT_1%7CChain.a3m,3931,123,5.325203,2.126964,0.282927,0.52715,PDB,8CDT,PDB:8CDT
8CE6_1%7CChain.a3m,6102,215,13.051163,2.692732,0.23456,0.31327,PDB,8CE6,PDB:8CE6
8CGX_1%7CChain.a3m,434,176,0.522727,1.890209,0.273604,0.460919,PDB,8CGX,PDB:8CGX
8CHY_1%7CChain.a3m,54,292,0.116438,0.240909,0.868531,0.589083,PDB,8CHY,PDB:8CHY
8CIK_1%7CChain.a3m,10001,323,18.925697,2.913695,0.248248,0.348436,PDB,8CIK,PDB:8CIK
8CIU_1%7CChain.a3m,4396,347,2.853026,2.200117,0.380337,0.355263,PDB,8CIU,PDB:8CIU
8CM1_1%7CChain.a3m,676,212,2.834906,2.511073,0.265498,0.31842,PDB,8CM1,PDB:8CM1
8CPJ_1%7CChain.a3m,2383,277,2.906137,2.706587,0.409228,0.325382,PDB,8CPJ,PDB:8CPJ
8CQG_1%7CChain.a3m,1691,450,1.391111,2.440072,0.429249,0.434213,PDB,8CQG,PDB:8CQG
8CUX_1%7CChain.a3m,202,123,1.154472,2.088414,0.135676,0.435108,PDB,8CUX,PDB:8CUX
8D6G_1%7CChain.a3m,3260,854,1.04918,2.747032,0.812646,0.409428,PDB,8D6G,PDB:8D6G
8D89_1%7CChain.a3m,59,405,0.133333,2.205808,0.359113,0.314548,PDB,8D89,PDB:8D89
8DDP_1%7CChain.a3m,147,279,0.426523,2.458455,0.310341,0.342095,PDB,8DDP,PDB:8DDP
8DI1_1%7CChain.a3m,2000,226,6.371681,2.536314,0.263496,0.313865,PDB,8DI1,PDB:8DI1
8DJX_1%7CChain.a3m,3471,250,4.828,2.50913,0.396475,0.426723,PDB,8DJX,PDB:8DJX
8DKA_1%7CChain.a3m,172,173,0.815029,2.60546,0.255579,0.382861,PDB,8DKA,PDB:8DKA
8DLD_1%7CChain.a3m,235,216,0.375,2.191936,0.276517,0.334672,PDB,8DLD,PDB:8DLD
8DPE_1%7CChain.a3m,10001,444,9.405405,2.503166,0.198043,0.386377,PDB,8DPE,PDB:8DPE
8DPV_1%7CChain.a3m,58,169,0.112426,1.494139,0.247705,0.592417,PDB,8DPV,PDB:8DPV
8DRG_1%7CChain.a3m,31,120,0.091667,1.338534,0.320699,0.582055,PDB,8DRG,PDB:8DRG
8DTE_1%7CChain.a3m,874,183,4.213115,2.73604,0.226257,0.297723,PDB,8DTE,PDB:8DTE
8DUF_1%7CChain.a3m,20,323,0.018576,1.329735,0.229567,0.486952,PDB,8DUF,PDB:8DUF
8DV0_1%7CChain.a3m,1939,199,8.788945,2.595077,0.140286,0.270225,PDB,8DV0,PDB:8DV0
8DWN_1%7CChain.a3m,10001,306,8.627451,2.42746,0.144879,0.417198,PDB,8DWN,PDB:8DWN
8DY4_1%7CChain.a3m,7949,252,6.845238,2.527294,0.597103,0.486304,PDB,8DY4,PDB:8DY4
8E18_1%7CChain.a3m,4897,484,6.132231,2.871029,0.457469,0.33275,PDB,8E18,PDB:8E18
8E1C_1%7CChain.a3m,3830,126,5.47619,2.114446,0.301757,0.482313,PDB,8E1C,PDB:8E1C
8E5H_1%7CChain.a3m,6792,372,10.556452,2.759376,0.370314,0.347632,PDB,8E5H,PDB:8E5H
8E5I_1%7CChain.a3m,7676,360,10.972222,2.747842,0.412973,0.375127,PDB,8E5I,PDB:8E5I
8E6H_1%7CChain.a3m,2604,445,2.18427,2.571163,0.473492,0.362743,PDB,8E6H,PDB:8E6H
8E7F_1%7CChain.a3m,10001,618,9.466019,2.85088,0.614843,0.358019,PDB,8E7F,PDB:8E7F
8EA2_1%7CChain.a3m,7255,353,9.696884,2.714443,0.559454,0.350226,PDB,8EA2,PDB:8EA2
8EBF_1%7CChain.a3m,33,718,0.032033,1.511038,0.624377,0.485765,PDB,8EBF,PDB:8EBF
8EC3_1%7CChain.a3m,4,168,0.02381,0.873046,0.049107,0.519432,PDB,8EC3,PDB:8EC3
8ED5_1%7CChain.a3m,877,299,2.468227,2.789445,0.348139,0.307049,PDB,8ED5,PDB:8ED5
8ELM_1%7CChain.a3m,2480,206,9.305825,2.788151,0.297956,0.343455,PDB,8ELM,PDB:8ELM
8ELW_1%7CChain.a3m,10001,189,20.021164,2.510325,0.168995,0.386859,PDB,8ELW,PDB:8ELW
8EPU_1%7CChain.a3m,359,149,1.053691,2.499903,0.171188,0.383373,PDB,8EPU,PDB:8EPU
8ERE_1%7CChain.a3m,17,127,0.023622,0.716216,0.15748,0.676687,PDB,8ERE,PDB:8ERE
8ETQ_1%7CChain.a3m,2,303,0.0033,0.0,0.0,1.0,PDB,8ETQ,PDB:8ETQ
8ETY_1%7CChain.a3m,703,282,1.684397,2.494994,0.463515,0.391497,PDB,8ETY,PDB:8ETY
8EUO_1%7CChain.a3m,3381,265,6.498113,2.683592,0.505763,0.367466,PDB,8EUO,PDB:8EUO
8EV4_1%7CChain.a3m,7278,125,23.152,2.391806,0.226629,0.393353,PDB,8EV4,PDB:8EV4
8EW8_1%7CChain.a3m,222,249,0.73494,2.511584,0.216614,0.340981,PDB,8EW8,PDB:8EW8
8F07_1%7CChain.a3m,10001,279,21.928315,2.497195,0.24772,0.410442,PDB,8F07,PDB:8F07
8F43_1%7CChain.a3m,974,111,4.324324,2.378631,0.299869,0.409262,PDB,8F43,PDB:8F43
8F70_1%7CChain.a3m,896,568,1.18838,3.004318,0.522577,0.319484,PDB,8F70,PDB:8F70
8F7G_1%7CChain.a3m,10001,461,11.321041,2.531614,0.104563,0.31229,PDB,8F7G,PDB:8F7G
8FAF_1%7CChain.a3m,10001,136,22.985294,2.722652,0.245617,0.367652,PDB,8FAF,PDB:8FAF
8FBH_1%7CChain.a3m,10001,232,12.978448,2.567983,0.327756,0.400084,PDB,8FBH,PDB:8FBH
8FDS_1%7CChain.a3m,8574,182,34.510989,2.805962,0.387515,0.354031,PDB,8FDS,PDB:8FDS
8FEB_1%7CChain.a3m,2059,509,2.667976,2.779825,0.48978,0.327533,PDB,8FEB,PDB:8FEB
8FG7_1%7CChain.a3m,10001,397,12.264484,2.757161,0.320702,0.371472,PDB,8FG7,PDB:8FG7
8FJF_1%7CChain.a3m,2,134,0.007463,0.0,0.317164,1.0,PDB,8FJF,PDB:8FJF
8FJG_1%7CChain.a3m,2,109,0.009174,0.0,0.357798,1.0,PDB,8FJG,PDB:8FJG
8FNX_1%7CChain.a3m,1031,765,0.939869,2.734055,0.320146,0.304908,PDB,8FNX,PDB:8FNX
8FQR_1%7CChain.a3m,9159,362,21.190608,3.049781,0.39086,0.276887,PDB,8FQR,PDB:8FQR
8FT8_1%7CChain.a3m,2272,266,3.398496,2.583051,0.525722,0.383481,PDB,8FT8,PDB:8FT8
8G0N_1%7CChain.a3m,1169,247,3.809717,2.923515,0.359971,0.304408,PDB,8G0N,PDB:8G0N
8G1L_1%7CChain.a3m,306,252,0.269841,1.793981,0.233128,0.469679,PDB,8G1L,PDB:8G1L
8G22_1%7CChain.a3m,5129,286,12.933566,2.770884,0.33449,0.355857,PDB,8G22,PDB:8G22
8G33_1%7CChain.a3m,387,497,0.631791,2.599158,0.517129,0.304527,PDB,8G33,PDB:8G33
8G53_1%7CChain.a3m,11,218,0.045872,1.509127,0.290659,0.438882,PDB,8G53,PDB:8G53
8G9J_1%7CChain.a3m,2,223,0.004484,0.0,0.0,1.0,PDB,8G9J,PDB:8G9J
8GA6_1%7CChain.a3m,2,506,0.001976,0.0,0.081028,1.0,PDB,8GA6,PDB:8GA6
8GAC_1%7CChain.a3m,2,106,0.009434,0.066038,0.292453,0.840909,PDB,8GAC,PDB:8GAC
8GBE_1%7CChain.a3m,19,207,0.048309,1.560465,0.129163,0.314355,PDB,8GBE,PDB:8GBE
8GC6_1%7CChain.a3m,10001,123,51.463415,2.306156,0.065592,0.4076,PDB,8GC6,PDB:8GC6
8GF3_1%7CChain.a3m,1906,365,2.589041,2.657383,0.409179,0.378425,PDB,8GF3,PDB:8GF3
8GFJ_1%7CChain.a3m,1973,544,2.227941,2.601436,0.728761,0.337817,PDB,8GFJ,PDB:8GFJ
8GHH_1%7CChain.a3m,6808,294,13.452381,2.907288,0.56931,0.379784,PDB,8GHH,PDB:8GHH
8GJW_1%7CChain.a3m,868,355,1.577465,2.979824,0.40564,0.312461,PDB,8GJW,PDB:8GJW
8GJY_1%7CChain.a3m,2064,376,3.420213,3.081508,0.440657,0.315172,PDB,8GJY,PDB:8GJY
8GMY_1%7CChain.a3m,279,236,0.665254,2.338802,0.348095,0.423298,PDB,8GMY,PDB:8GMY
8GOK_1%7CChain.a3m,10,273,0.025641,1.106424,0.194505,0.594111,PDB,8GOK,PDB:8GOK
8GQC_1%7CChain.a3m,21,264,0.022727,1.140026,0.338023,0.548538,PDB,8GQC,PDB:8GQC
8GR2_1%7CChain.a3m,468,227,1.638767,2.617161,0.185521,0.307188,PDB,8GR2,PDB:8GR2
8GR5_1%7CChain.a3m,2061,343,4.48688,2.913658,0.293899,0.289487,PDB,8GR5,PDB:8GR5
8GR6_1%7CChain.a3m,2585,218,7.417431,2.442553,0.355143,0.404087,PDB,8GR6,PDB:8GR6
8GRZ_1%7CChain.a3m,1328,151,6.10596,2.777558,0.225425,0.322734,PDB,8GRZ,PDB:8GRZ
8H3I_1%7CChain.a3m,831,163,2.220859,2.227,0.283478,0.381266,PDB,8H3I,PDB:8H3I
8H5M_1%7CChain.a3m,303,300,0.606667,2.138572,0.411903,0.407662,PDB,8H5M,PDB:8H5M
8H5S_1%7CChain.a3m,4253,260,12.6,2.85249,0.349154,0.34806,PDB,8H5S,PDB:8H5S
8H7O_1%7CChain.a3m,10001,281,22.032028,2.40102,0.1594,0.422768,PDB,8H7O,PDB:8H7O
8H8I_1%7CChain.a3m,5292,446,6.356502,2.963508,0.430885,0.32855,PDB,8H8I,PDB:8H8I
8HBS_1%7CChain.a3m,756,409,0.667482,2.067747,0.361845,0.492781,PDB,8HBS,PDB:8HBS
8HCZ_1%7CChain.a3m,10001,486,14.018519,2.796469,0.265085,0.331283,PDB,8HCZ,PDB:8HCZ
8HEA_1%7CChain.a3m,1598,246,5.247967,2.977891,0.282485,0.311232,PDB,8HEA,PDB:8HEA
8HFM_1%7CChain.a3m,2580,413,2.443099,2.393303,0.410871,0.379796,PDB,8HFM,PDB:8HFM
8HGR_1%7CChain.a3m,535,186,2.016129,2.322054,0.309627,0.38544,PDB,8HGR,PDB:8HGR
8HIV_1%7CChain.a3m,655,328,0.902439,2.441934,0.634724,0.353798,PDB,8HIV,PDB:8HIV
8HKB_1%7CChain.a3m,10001,305,29.245902,2.344795,0.076833,0.357564,PDB,8HKB,PDB:8HKB
8HL9_1%7CChain.a3m,2237,147,6.945578,2.601777,0.226232,0.369425,PDB,8HL9,PDB:8HL9
8HNR_1%7CChain.a3m,541,172,2.075581,2.640347,0.246239,0.379915,PDB,8HNR,PDB:8HNR
8HO1_1%7CChain.a3m,10001,398,19.0,2.838512,0.32433,0.324149,PDB,8HO1,PDB:8HO1
8HOE_1%7CChain.a3m,47,189,0.153439,1.983319,0.267139,0.370577,PDB,8HOE,PDB:8HOE
8HOK_1%7CChain.a3m,10001,464,7.93319,2.796005,0.514339,0.388292,PDB,8HOK,PDB:8HOK
8HQW_1%7CChain.a3m,3518,311,5.459807,2.471482,0.655092,0.374856,PDB,8HQW,PDB:8HQW
8HS7_1%7CChain.a3m,1621,126,4.611111,2.386667,0.305627,0.39893,PDB,8HS7,PDB:8HS7
8HT3_1%7CChain.a3m,544,104,2.596154,2.607918,0.200757,0.361738,PDB,8HT3,PDB:8HT3
8HU7_1%7CChain.a3m,1334,147,2.312925,2.165109,0.323869,0.426691,PDB,8HU7,PDB:8HU7
8HVB_1%7CChain.a3m,3676,614,4.249186,2.753267,0.53116,0.300553,PDB,8HVB,PDB:8HVB
8HWO_1%7CChain.a3m,1450,328,3.780488,3.031276,0.286266,0.317633,PDB,8HWO,PDB:8HWO
8HYG_1%7CChain.a3m,811,165,2.515152,2.491507,0.342697,0.444046,PDB,8HYG,PDB:8HYG
8HZ1_1%7CChain.a3m,865,106,3.650943,2.288985,0.147672,0.343757,PDB,8HZ1,PDB:8HZ1
8I0A_1%7CChain.a3m,1340,534,1.14794,2.671001,0.604455,0.366447,PDB,8I0A,PDB:8I0A
8I2D_1%7CChain.a3m,8621,117,38.153846,2.515945,0.147877,0.405831,PDB,8I2D,PDB:8I2D
8I6B_1%7CChain.a3m,1618,238,3.037815,2.192785,0.316453,0.443718,PDB,8I6B,PDB:8I6B
8I8Z_1%7CChain.a3m,10001,482,7.740664,2.813689,0.47338,0.349081,PDB,8I8Z,PDB:8I8Z
8IIA_1%7CChain.a3m,1058,123,2.666667,2.604801,0.173191,0.378758,PDB,8IIA,PDB:8IIA
8IIO_1%7CChain.a3m,2359,207,6.797101,2.509951,0.310272,0.398986,PDB,8IIO,PDB:8IIO
8IKU_1%7CChain.a3m,10001,310,16.980645,2.684994,0.38021,0.352874,PDB,8IKU,PDB:8IKU
8ILC_1%7CChain.a3m,48,283,0.056537,1.88095,0.200015,0.437385,PDB,8ILC,PDB:8ILC
8ILZ_1%7CChain.a3m,1071,103,3.378641,2.404292,0.226773,0.389066,PDB,8ILZ,PDB:8ILZ
8IN3_1%7CChain.a3m,2828,229,7.965066,3.027284,0.426396,0.326554,PDB,8IN3,PDB:8IN3
8IPI_1%7CChain.a3m,1924,338,3.251479,2.490736,0.341195,0.43617,PDB,8IPI,PDB:8IPI
8IRQ_1%7CChain.a3m,244,165,0.763636,2.411022,0.258271,0.419239,PDB,8IRQ,PDB:8IRQ
8ISO_1%7CChain.a3m,2215,269,5.219331,2.674596,0.337399,0.361745,PDB,8ISO,PDB:8ISO
8IU8_1%7CChain.a3m,310,576,0.357639,2.583616,0.320878,0.371708,PDB,8IU8,PDB:8IU8
8IUD_1%7CChain.a3m,6792,496,9.201613,3.069549,0.597523,0.340661,PDB,8IUD,PDB:8IUD
8IZT_1%7CChain.a3m,10,124,0.056452,1.11362,0.065323,0.642394,PDB,8IZT,PDB:8IZT
8J0P_1%7CChain.a3m,2164,517,3.421663,2.940027,0.346672,0.328334,PDB,8J0P,PDB:8J0P
8J1W_1%7CChain.a3m,83,214,0.154206,1.742025,0.609278,0.593702,PDB,8J1W,PDB:8J1W
8J2C_1%7CChain.a3m,10001,674,12.505935,1.850122,0.726805,0.340355,PDB,8J2C,PDB:8J2C
8J6E_1%7CChain.a3m,10001,336,16.404762,2.661641,0.267332,0.338703,PDB,8J6E,PDB:8J6E
8J7Q_1%7CChain.a3m,1300,289,1.598616,2.305356,0.404839,0.462921,PDB,8J7Q,PDB:8J7Q
8J8D_1%7CChain.a3m,10001,119,22.579832,2.132205,0.152696,0.543463,PDB,8J8D,PDB:8J8D
8JC6_1%7CChain.a3m,7,195,0.015385,0.708703,0.367766,0.732741,PDB,8JC6,PDB:8JC6
8JIX_1%7CChain.a3m,216,437,0.180778,2.169273,0.406253,0.44654,PDB,8JIX,PDB:8JIX
8JIY_1%7CChain.a3m,27,241,0.082988,1.657577,0.273705,0.470094,PDB,8JIY,PDB:8JIY
8JJX_1%7CChain.a3m,691,204,1.808824,2.272304,0.328524,0.479007,PDB,8JJX,PDB:8JJX
8JMS_1%7CChain.a3m,455,250,1.396,2.50295,0.348255,0.327738,PDB,8JMS,PDB:8JMS
8JOS_1%7CChain.a3m,17,569,0.029877,1.941491,0.264758,0.352534,PDB,8JOS,PDB:8JOS
8JQJ_1%7CChain.a3m,5097,343,8.574344,2.871183,0.392979,0.353974,PDB,8JQJ,PDB:8JQJ
8JT4_1%7CChain.a3m,312,261,0.819923,2.696385,0.250737,0.343365,PDB,8JT4,PDB:8JT4
8JU8_1%7CChain.a3m,2,139,0.007194,0.0,0.035971,1.0,PDB,8JU8,PDB:8JU8
8JVC_1%7CChain.a3m,229,177,1.124294,2.501554,0.196112,0.395895,PDB,8JVC,PDB:8JVC
8JW3_1%7CChain.a3m,42,319,0.018809,1.236109,0.792954,0.865847,PDB,8JW3,PDB:8JW3
8JZJ_1%7CChain.a3m,3563,330,1.748485,1.982284,0.524831,0.562418,PDB,8JZJ,PDB:8JZJ
8K0J_1%7CChain.a3m,176,306,0.421569,2.524741,0.261252,0.38084,PDB,8K0J,PDB:8K0J
8K2F_1%7CChain.a3m,493,516,0.773256,3.058972,0.429089,0.320596,PDB,8K2F,PDB:8K2F
8K2J_1%7CChain.a3m,769,542,1.114391,3.065715,0.350371,0.302076,PDB,8K2J,PDB:8K2J
8K2M_1%7CChain.a3m,536,581,0.688468,2.807149,0.472946,0.348133,PDB,8K2M,PDB:8K2M
8K4I_1%7CChain.a3m,203,163,0.656442,1.909856,0.266342,0.487262,PDB,8K4I,PDB:8K4I
8K4M_1%7CChain.a3m,12,137,0.043796,1.098888,0.227494,0.529085,PDB,8K4M,PDB:8K4M
8K75_1%7CChain.a3m,45,141,0.134752,1.662548,0.307959,0.487059,PDB,8K75,PDB:8K75
8K7O_1%7CChain.a3m,2,233,0.004292,0.0,0.002146,1.0,PDB,8K7O,PDB:8K7O
8K7Z_1%7CChain.a3m,2,180,0.005556,0.0,0.052778,1.0,PDB,8K7Z,PDB:8K7Z
8K8I_1%7CChain.a3m,2,215,0.004651,0.0,0.027907,1.0,PDB,8K8I,PDB:8K8I
8K8K_1%7CChain.a3m,2644,257,8.474708,2.693024,0.214573,0.355651,PDB,8K8K,PDB:8K8K
8KA7_1%7CChain.a3m,2,124,0.008065,0.0,0.0,1.0,PDB,8KA7,PDB:8KA7
8KAC_1%7CChain.a3m,2,129,0.007752,0.0,0.01938,1.0,PDB,8KAC,PDB:8KAC
8KB6_1%7CChain.a3m,796,152,2.684211,2.728134,0.181946,0.337383,PDB,8KB6,PDB:8KB6
8KB9_1%7CChain.a3m,1261,363,2.247934,2.841735,0.590078,0.335697,PDB,8KB9,PDB:8KB9
8KC0_1%7CChain.a3m,2,124,0.008065,0.0,0.0,1.0,PDB,8KC0,PDB:8KC0
8KC4_1%7CChain.a3m,2,162,0.006173,0.0,0.015432,1.0,PDB,8KC4,PDB:8KC4
8KCJ_1%7CChain.a3m,2,181,0.005525,0.0,0.013812,1.0,PDB,8KCJ,PDB:8KCJ
8KCL_1%7CChain.a3m,806,259,2.3861,2.880324,0.334068,0.360984,PDB,8KCL,PDB:8KCL
8KHM_1%7CChain.a3m,4071,313,7.623003,2.565224,0.411685,0.357196,PDB,8KHM,PDB:8KHM
8KHS_1%7CChain.a3m,2564,241,7.759336,2.793205,0.375446,0.36993,PDB,8KHS,PDB:8KHS
8KHW_1%7CChain.a3m,908,618,1.216828,2.869761,0.363732,0.315067,PDB,8KHW,PDB:8KHW
8OK3_1%7CChain.a3m,6,125,0.024,0.620787,0.025333,0.79,PDB,8OK3,PDB:8OK3
8OLJ_1%7CChain.a3m,6,264,0.011364,0.325365,0.400253,0.781068,PDB,8OLJ,PDB:8OLJ
8OMW_1%7CChain.a3m,7372,109,26.733945,2.659387,0.194312,0.390688,PDB,8OMW,PDB:8OMW
8ORK_1%7CChain.a3m,40,460,0.05,1.831594,0.371033,0.453317,PDB,8ORK,PDB:8ORK
8OS3_1%7CChain.a3m,6565,107,23.766355,2.671733,0.157128,0.364637,PDB,8OS3,PDB:8OS3
8OTB_1%7CChain.a3m,9086,575,8.22087,2.814091,0.528998,0.311544,PDB,8OTB,PDB:8OTB
8OV0_1%7CChain.a3m,1550,111,4.495495,2.323807,0.167248,0.463923,PDB,8OV0,PDB:8OV0
8OVR_1%7CChain.a3m,9052,630,7.155556,2.737399,0.56854,0.329573,PDB,8OVR,PDB:8OVR
8OXI_1%7CChain.a3m,9,104,0.076923,1.476213,0.105769,0.443395,PDB,8OXI,PDB:8OXI
8OXR_1%7CChain.a3m,672,145,2.462069,2.696009,0.280675,0.385252,PDB,8OXR,PDB:8OXR
8OYF_1%7CChain.a3m,3080,323,5.430341,2.767935,0.371924,0.33677,PDB,8OYF,PDB:8OYF
8OYS_1%7CChain.a3m,2,190,0.005263,0.0,0.344737,1.0,PDB,8OYS,PDB:8OYS
8OYW_1%7CChain.a3m,2,189,0.005291,0.0,0.021164,1.0,PDB,8OYW,PDB:8OYW
8P0Z_1%7CChain.a3m,897,168,2.613095,2.60267,0.468174,0.390358,PDB,8P0Z,PDB:8P0Z
8P19_1%7CChain.a3m,9499,377,13.114058,3.005974,0.365505,0.318631,PDB,8P19,PDB:8P19
8P3C_1%7CChain.a3m,10001,126,33.857143,2.417904,0.24636,0.465482,PDB,8P3C,PDB:8P3C
8P3D_1%7CChain.a3m,8012,162,23.234568,2.496063,0.383849,0.413306,PDB,8P3D,PDB:8P3D
8P4Y_1%7CChain.a3m,2,201,0.004975,0.0,0.059701,1.0,PDB,8P4Y,PDB:8P4Y
8P8E_1%7CChain.a3m,2556,220,5.604545,2.717724,0.470481,0.386007,PDB,8P8E,PDB:8P8E
8P8Q_1%7CChain.a3m,10001,396,12.853535,2.824544,0.315906,0.347643,PDB,8P8Q,PDB:8P8Q
8P8X_1%7CChain.a3m,1665,415,1.361446,2.425911,0.543328,0.428171,PDB,8P8X,PDB:8P8X
8PF0_1%7CChain.a3m,10001,155,14.309677,2.115583,0.400966,0.555219,PDB,8PF0,PDB:8PF0
8PHN_1%7CChain.a3m,10001,139,38.107914,2.18963,0.13556,0.464181,PDB,8PHN,PDB:8PHN
8PJR_1%7CChain.a3m,1122,286,1.877622,0.394536,0.848507,0.501502,PDB,8PJR,PDB:8PJR
8PJU_1%7CChain.a3m,7458,310,13.709677,3.061904,0.510141,0.36198,PDB,8PJU,PDB:8PJU
8PJY_1%7CChain.a3m,1803,298,3.5,2.588402,0.709327,0.430213,PDB,8PJY,PDB:8PJY
8POF_1%7CChain.a3m,622,321,0.850467,2.292077,0.398749,0.439322,PDB,8POF,PDB:8POF
8PQK_1%7CChain.a3m,10001,352,8.125,2.528814,0.227086,0.422956,PDB,8PQK,PDB:8PQK
8PRJ_1%7CChain.a3m,240,320,0.459375,0.258038,0.881862,0.54953,PDB,8PRJ,PDB:8PRJ
8PTF_1%7CChain.a3m,573,342,1.447368,2.822509,0.254891,0.327339,PDB,8PTF,PDB:8PTF
8PVQ_1%7CChain.a3m,2323,207,6.193237,2.852286,0.303052,0.317637,PDB,8PVQ,PDB:8PVQ
8PX5_1%7CChain.a3m,765,157,1.261146,2.189622,0.408001,0.34189,PDB,8PX5,PDB:8PX5
8PXL_1%7CChain.a3m,9192,408,15.284314,2.825842,0.386767,0.342879,PDB,8PXL,PDB:8PXL
8Q2G_1%7CChain.a3m,677,139,2.848921,2.372568,0.28251,0.412061,PDB,8Q2G,PDB:8Q2G
8Q52_1%7CChain.a3m,10001,321,22.190031,2.728627,0.610193,0.369248,PDB,8Q52,PDB:8Q52
8Q5J_1%7CChain.a3m,10001,398,19.512563,2.784836,0.230777,0.300582,PDB,8Q5J,PDB:8Q5J
8Q5Z_1%7CChain.a3m,3553,297,8.323232,2.735615,0.304467,0.361562,PDB,8Q5Z,PDB:8Q5Z
8Q6Z_1%7CChain.a3m,10001,395,18.989873,2.848517,0.335666,0.317702,PDB,8Q6Z,PDB:8Q6Z
8QJZ_1%7CChain.a3m,678,246,2.158537,2.529868,0.239058,0.41453,PDB,8QJZ,PDB:8QJZ
8QKD_1%7CChain.a3m,1,284,0.003521,0.0,0.0,0.0,PDB,8QKD,PDB:8QKD
8QLC_1%7CChain.a3m,5206,627,6.341308,2.941637,0.640627,0.324134,PDB,8QLC,PDB:8QLC
8QLF_1%7CChain.a3m,237,283,0.55477,2.508516,0.404199,0.326666,PDB,8QLF,PDB:8QLF
8QMN_1%7CChain.a3m,1079,358,1.860335,2.711755,0.420801,0.332379,PDB,8QMN,PDB:8QMN
8QNA_1%7CChain.a3m,7643,402,9.992537,2.74234,0.457645,0.379827,PDB,8QNA,PDB:8QNA
8QNF_1%7CChain.a3m,10001,537,9.212291,2.130235,0.131523,0.335507,PDB,8QNF,PDB:8QNF
8QP7_1%7CChain.a3m,227,296,0.39527,1.180637,0.748363,0.441259,PDB,8QP7,PDB:8QP7
8QUA_1%7CChain.a3m,3055,196,7.94898,2.713361,0.376066,0.365064,PDB,8QUA,PDB:8QUA
8QUP_1%7CChain.a3m,20,124,0.016129,0.873562,0.441129,0.502506,PDB,8QUP,PDB:8QUP
8QVO_1%7CChain.a3m,5661,323,8.643963,2.768772,0.324377,0.341309,PDB,8QVO,PDB:8QVO
8QWK_1%7CChain.a3m,755,219,1.465753,2.373175,0.302731,0.46604,PDB,8QWK,PDB:8QWK
8QY2_1%7CChain.a3m,696,185,1.059459,2.061897,0.224394,0.499792,PDB,8QY2,PDB:8QY2
8QZG_1%7CChain.a3m,95,328,0.146341,1.567735,0.401893,0.479017,PDB,8QZG,PDB:8QZG
8QZN_1%7CChain.a3m,568,347,0.775216,0.433146,0.864295,0.547321,PDB,8QZN,PDB:8QZN
8QZV_1%7CChain.a3m,855,167,1.808383,2.104944,0.325741,0.384168,PDB,8QZV,PDB:8QZV
8R13_1%7CChain.a3m,9704,404,13.898515,2.82756,0.328572,0.31507,PDB,8R13,PDB:8R13
8R19_1%7CChain.a3m,67,306,0.062092,1.695708,0.105307,0.506277,PDB,8R19,PDB:8R19
8R28_1%7CChain.a3m,171,121,0.867769,2.323433,0.316321,0.427768,PDB,8R28,PDB:8R28
8R2C_1%7CChain.a3m,202,169,0.976331,2.430671,0.198694,0.350346,PDB,8R2C,PDB:8R2C
8R4P_1%7CChain.a3m,257,571,0.033275,1.417673,0.669894,0.584308,PDB,8R4P,PDB:8R4P
8R73_1%7CChain.a3m,844,636,1.034591,2.764944,0.363493,0.318567,PDB,8R73,PDB:8R73
8R76_1%7CChain.a3m,10001,221,22.819005,2.483893,0.197877,0.431753,PDB,8R76,PDB:8R76
8R8O_1%7CChain.a3m,4,275,0.007273,0.374131,0.252727,0.736257,PDB,8R8O,PDB:8R8O
8RA0_1%7CChain.a3m,10001,499,13.641283,2.50303,0.123978,0.303203,PDB,8RA0,PDB:8RA0
8RDD_1%7CChain.a3m,46,170,0.194118,2.012194,0.245908,0.436258,PDB,8RDD,PDB:8RDD
8RG4_1%7CChain.a3m,145,373,0.30563,2.691305,0.272663,0.335014,PDB,8RG4,PDB:8RG4
8RLX_1%7CChain.a3m,10001,365,8.482192,2.406276,0.275667,0.405757,PDB,8RLX,PDB:8RLX
8RR6_1%7CChain.a3m,162,292,0.339041,2.37246,0.388445,0.400641,PDB,8RR6,PDB:8RR6
8RS3_1%7CChain.a3m,2417,235,3.13617,2.241558,0.346193,0.441065,PDB,8RS3,PDB:8RS3
8RU5_1%7CChain.a3m,8573,130,19.553846,2.580693,0.467845,0.391185,PDB,8RU5,PDB:8RU5
8RW6_1%7CChain.a3m,2926,114,10.04386,2.613335,0.213713,0.33592,PDB,8RW6,PDB:8RW6
8RWO_1%7CChain.a3m,1637,290,3.310345,2.506769,0.350136,0.393576,PDB,8RWO,PDB:8RWO
8RYS_1%7CChain.a3m,386,153,1.091503,2.383885,0.268973,0.38301,PDB,8RYS,PDB:8RYS
8RZF_1%7CChain.a3m,78,418,0.145933,2.482592,0.32585,0.354838,PDB,8RZF,PDB:8RZF
8S2U_1%7CChain.a3m,1245,147,3.047619,2.37007,0.289315,0.4478,PDB,8S2U,PDB:8S2U
8S6D_1%7CChain.a3m,10001,499,12.875752,2.767481,0.345114,0.406474,PDB,8S6D,PDB:8S6D
8S6L_1%7CChain.a3m,7164,461,9.670282,2.790515,0.526129,0.313938,PDB,8S6L,PDB:8S6L
8S89_1%7CChain.a3m,2,402,0.002488,0.0,0.0,1.0,PDB,8S89,PDB:8S89
8S8S_1%7CChain.a3m,1585,251,3.760956,2.57972,0.292202,0.36918,PDB,8S8S,PDB:8S8S
8SBN_1%7CChain.a3m,3508,214,12.228972,2.5261,0.245371,0.360896,PDB,8SBN,PDB:8SBN
8SCA_1%7CChain.a3m,363,218,1.123853,2.384023,0.180567,0.386371,PDB,8SCA,PDB:8SCA
8SLS_1%7CChain.a3m,10001,282,11.755319,2.529274,0.25357,0.398078,PDB,8SLS,PDB:8SLS
8SNQ_1%7CChain.a3m,1315,170,4.941176,2.578606,0.260671,0.343433,PDB,8SNQ,PDB:8SNQ
8SSX_1%7CChain.a3m,2915,162,12.864198,2.463437,0.216295,0.388197,PDB,8SSX,PDB:8SSX
8SU0_1%7CChain.a3m,1381,382,3.096859,2.894062,0.374228,0.278845,PDB,8SU0,PDB:8SU0
8SUC_1%7CChain.a3m,498,283,1.014134,2.707805,0.367541,0.337741,PDB,8SUC,PDB:8SUC
8T0A_1%7CChain.a3m,2535,411,1.686131,2.542553,0.500498,0.317456,PDB,8T0A,PDB:8T0A
8T28_1%7CChain.a3m,3276,226,8.477876,2.639908,0.419306,0.392982,PDB,8T28,PDB:8T28
8T2J_1%7CChain.a3m,7815,345,10.701449,2.835394,0.427964,0.352966,PDB,8T2J,PDB:8T2J
8T5Z_1%7CChain.a3m,47,192,0.03125,1.005166,0.347739,0.780104,PDB,8T5Z,PDB:8T5Z
8T7K_1%7CChain.a3m,92,156,0.333333,2.006599,0.226519,0.447742,PDB,8T7K,PDB:8T7K
8T7W_1%7CChain.a3m,766,307,0.651466,1.921717,0.420867,0.517742,PDB,8T7W,PDB:8T7W
8T8L_1%7CChain.a3m,60,184,0.271739,2.226415,0.351087,0.321136,PDB,8T8L,PDB:8T8L
8T8V_1%7CChain.a3m,47,249,0.148594,2.12813,0.354866,0.339587,PDB,8T8V,PDB:8T8V
8TCK_1%7CChain.a3m,10001,343,0.002915,0.313688,0.267445,0.931898,PDB,8TCK,PDB:8TCK
8TE6_1%7CChain.a3m,617,123,2.065041,2.592516,0.225297,0.35766,PDB,8TE6,PDB:8TE6
8TFG_1%7CChain.a3m,4766,688,3.398256,2.806384,0.485979,0.369902,PDB,8TFG,PDB:8TFG
8TFY_1%7CChain.a3m,1098,177,3.824859,2.504257,0.219531,0.348727,PDB,8TFY,PDB:8TFY
8TG3_1%7CChain.a3m,879,206,2.757282,2.432694,0.308564,0.349053,PDB,8TG3,PDB:8TG3
8TI5_1%7CChain.a3m,500,134,1.940299,2.400007,0.177299,0.345891,PDB,8TI5,PDB:8TI5
8TJM_1%7CChain.a3m,1625,282,3.347518,2.418283,0.361957,0.399784,PDB,8TJM,PDB:8TJM
8TNM_1%7CChain.a3m,2,147,0.006803,0.0,0.397959,1.0,PDB,8TNM,PDB:8TNM
8TQN_1%7CChain.a3m,5997,336,14.717262,2.94689,0.264181,0.284575,PDB,8TQN,PDB:8TQN
8TRU_1%7CChain.a3m,738,408,1.029412,2.572082,0.435189,0.376489,PDB,8TRU,PDB:8TRU
8TSE_1%7CChain.a3m,561,428,0.754673,2.486954,0.42418,0.343105,PDB,8TSE,PDB:8TSE
8TV8_1%7CChain.a3m,9969,564,14.716312,3.112216,0.363186,0.261684,PDB,8TV8,PDB:8TV8
8TX6_1%7CChain.a3m,2950,653,1.712098,2.730919,0.661532,0.359089,PDB,8TX6,PDB:8TX6
8U0X_1%7CChain.a3m,16,186,0.064516,1.761816,0.174731,0.468388,PDB,8U0X,PDB:8U0X
8U24_1%7CChain.a3m,156,221,0.21267,2.007773,0.40373,0.444722,PDB,8U24,PDB:8U24
8U46_1%7CChain.a3m,230,282,0.5,2.449855,0.343864,0.381605,PDB,8U46,PDB:8U46
8U55_1%7CChain.a3m,6587,664,7.525602,2.883397,0.477256,0.314456,PDB,8U55,PDB:8U55
8UB5_1%7CChain.a3m,1174,383,2.020888,2.861547,0.428663,0.333565,PDB,8UB5,PDB:8UB5
8UDS_1%7CChain.a3m,979,167,3.802395,2.428988,0.161022,0.362616,PDB,8UDS,PDB:8UDS
8ULA_1%7CChain.a3m,2241,426,4.633803,3.038875,0.409654,0.281793,PDB,8ULA,PDB:8ULA
8URL_1%7CChain.a3m,1776,449,2.625835,2.829518,0.471373,0.360557,PDB,8URL,PDB:8URL
8USI_1%7CChain.a3m,3400,317,5.820189,2.657187,0.323726,0.369059,PDB,8USI,PDB:8USI
8V09_1%7CChain.a3m,2567,270,5.114815,2.383912,0.343901,0.480645,PDB,8V09,PDB:8V09
8V23_1%7CChain.a3m,1899,146,0.10274,0.40678,0.259275,0.919019,PDB,8V23,PDB:8V23
8V33_1%7CChain.a3m,16,192,0.036458,0.860867,0.346029,0.69554,PDB,8V33,PDB:8V33
8V4W_1%7CChain.a3m,12,207,0.014493,0.652845,0.468196,0.717162,PDB,8V4W,PDB:8V4W
8V7P_1%7CChain.a3m,113,124,0.66129,2.297184,0.166143,0.410998,PDB,8V7P,PDB:8V7P
8V8X_1%7CChain.a3m,5246,445,9.247191,2.817161,0.391459,0.332991,PDB,8V8X,PDB:8V8X
8V9V_1%7CChain.a3m,5,176,0.017045,0.704201,0.071591,0.681602,PDB,8V9V,PDB:8V9V
8VBZ_1%7CChain.a3m,4563,330,10.318182,2.710033,0.1948,0.327034,PDB,8VBZ,PDB:8VBZ
8VCF_1%7CChain.a3m,4270,127,10.771654,2.597682,0.319582,0.406086,PDB,8VCF,PDB:8VCF
8VDK_1%7CChain.a3m,3748,444,2.31982,2.208189,0.610171,0.363979,PDB,8VDK,PDB:8VDK
8VEI_1%7CChain.a3m,2,126,0.007937,0.0,0.0,1.0,PDB,8VEI,PDB:8VEI
8VIR_1%7CChain.a3m,948,232,2.456897,2.223583,0.280041,0.411025,PDB,8VIR,PDB:8VIR
8VRG_1%7CChain.a3m,8150,170,15.782353,2.378583,0.298906,0.396922,PDB,8VRG,PDB:8VRG
8W3Z_1%7CChain.a3m,1406,258,3.488372,2.404544,0.307985,0.359843,PDB,8W3Z,PDB:8W3Z
8WAC_1%7CChain.a3m,19,127,0.125984,1.745022,0.128056,0.418332,PDB,8WAC,PDB:8WAC
8WC1_1%7CChain.a3m,53,178,0.247191,1.999499,0.232139,0.389616,PDB,8WC1,PDB:8WC1
8WF7_1%7CChain.a3m,6757,157,7.528662,2.245676,0.401545,0.37524,PDB,8WF7,PDB:8WF7
8WG6_1%7CChain.a3m,802,451,1.498891,2.679127,0.3396,0.338212,PDB,8WG6,PDB:8WG6
8WHJ_1%7CChain.a3m,562,264,0.818182,2.266766,0.307694,0.471883,PDB,8WHJ,PDB:8WHJ
8WHN_1%7CChain.a3m,12,161,0.037267,1.270366,0.167702,0.49453,PDB,8WHN,PDB:8WHN
8WIM_1%7CChain.a3m,115,620,0.101613,2.273256,0.380281,0.37213,PDB,8WIM,PDB:8WIM
8WJ5_1%7CChain.a3m,21,140,0.057143,1.271913,0.301701,0.693221,PDB,8WJ5,PDB:8WJ5
8WKE_1%7CChain.a3m,57,113,0.150442,1.665709,0.077628,0.505516,PDB,8WKE,PDB:8WKE
8WKH_1%7CChain.a3m,1797,131,6.21374,2.523791,0.183419,0.357801,PDB,8WKH,PDB:8WKH
8WNF_1%7CChain.a3m,6668,920,2.617391,2.846497,0.588321,0.333364,PDB,8WNF,PDB:8WNF
8WQN_1%7CChain.a3m,2,173,0.00578,0.0,0.023121,1.0,PDB,8WQN,PDB:8WQN
8WR5_1%7CChain.a3m,2468,145,4.131034,2.265458,0.393481,0.403107,PDB,8WR5,PDB:8WR5
8WTF_1%7CChain.a3m,10001,297,3.76431,2.229191,0.215048,0.437099,PDB,8WTF,PDB:8WTF
8WUG_1%7CChain.a3m,3666,342,2.692982,2.376183,0.423425,0.444577,PDB,8WUG,PDB:8WUG
8WUP_1%7CChain.a3m,984,358,1.46648,2.543079,0.321331,0.383186,PDB,8WUP,PDB:8WUP
8WZL_1%7CChain.a3m,4133,384,4.440104,2.491202,0.436162,0.367171,PDB,8WZL,PDB:8WZL
8WZY_1%7CChain.a3m,794,377,1.241379,2.605814,0.414662,0.386971,PDB,8WZY,PDB:8WZY
8X1L_1%7CChain.a3m,1295,250,2.604,2.195168,0.304948,0.385726,PDB,8X1L,PDB:8X1L
8X23_1%7CChain.a3m,10001,352,8.914773,2.522141,0.25687,0.397487,PDB,8X23,PDB:8X23
8X2V_1%7CChain.a3m,2608,232,3.353448,2.383007,0.471373,0.491783,PDB,8X2V,PDB:8X2V
8X5M_1%7CChain.a3m,10001,363,8.628099,2.590778,0.261991,0.377331,PDB,8X5M,PDB:8X5M
8X5U_1%7CChain.a3m,2348,171,9.263158,2.414206,0.203505,0.412588,PDB,8X5U,PDB:8X5U
8X5Z_1%7CChain.a3m,10001,297,9.262626,2.478944,0.159658,0.41401,PDB,8X5Z,PDB:8X5Z
8X6E_1%7CChain.a3m,135,310,0.229032,2.208163,0.26779,0.385741,PDB,8X6E,PDB:8X6E
8X72_1%7CChain.a3m,10001,333,10.264264,2.453879,0.258649,0.349438,PDB,8X72,PDB:8X72
8X74_1%7CChain.a3m,10001,353,11.368272,2.817813,0.443318,0.344338,PDB,8X74,PDB:8X74
8X8U_1%7CChain.a3m,1466,118,3.118644,1.978029,0.216529,0.504383,PDB,8X8U,PDB:8X8U
8XCL_1%7CChain.a3m,1903,244,4.254098,2.770002,0.387309,0.363452,PDB,8XCL,PDB:8XCL
8XF9_1%7CChain.a3m,1514,283,4.137809,2.910877,0.277605,0.296008,PDB,8XF9,PDB:8XF9
8XGK_1%7CChain.a3m,2296,315,4.409524,1.155173,0.71394,0.372023,PDB,8XGK,PDB:8XGK
8XIX_1%7CChain.a3m,1925,289,5.314879,2.991486,0.426263,0.299912,PDB,8XIX,PDB:8XIX
8XJG_1%7CChain.a3m,1232,153,6.196078,2.379662,0.200142,0.37064,PDB,8XJG,PDB:8XJG
8XJR_1%7CChain.a3m,5009,559,4.477639,2.661034,0.481426,0.386495,PDB,8XJR,PDB:8XJR
8XM2_1%7CChain.a3m,479,418,0.715311,2.748837,0.349697,0.346521,PDB,8XM2,PDB:8XM2
8XPI_1%7CChain.a3m,54,107,0.11215,1.463688,0.140706,0.498463,PDB,8XPI,PDB:8XPI
8XQU_1%7CChain.a3m,2378,145,9.896552,2.627473,0.197541,0.423374,PDB,8XQU,PDB:8XQU
8XT5_1%7CChain.a3m,2435,291,2.487973,2.269891,0.420003,0.488123,PDB,8XT5,PDB:8XT5
8XTU_1%7CChain.a3m,10001,168,22.309524,2.287036,0.12322,0.390461,PDB,8XTU,PDB:8XTU
8XUW_1%7CChain.a3m,10001,117,27.837607,2.537114,0.319823,0.389981,PDB,8XUW,PDB:8XUW
8XVO_1%7CChain.a3m,9262,303,15.881188,2.608476,0.408203,0.365653,PDB,8XVO,PDB:8XVO
8XWG_1%7CChain.a3m,28,320,0.00625,0.595764,0.644308,0.713852,PDB,8XWG,PDB:8XWG
8XY8_1%7CChain.a3m,9809,391,20.966752,3.002823,0.43192,0.301004,PDB,8XY8,PDB:8XY8
8XYU_1%7CChain.a3m,3095,176,7.3125,2.271927,0.334647,0.452775,PDB,8XYU,PDB:8XYU
8XYW_1%7CChain.a3m,10001,116,50.12069,2.602391,0.258204,0.358352,PDB,8XYW,PDB:8XYW
8Y2Y_1%7CChain.a3m,6,287,0.006969,0.567241,0.281069,0.816141,PDB,8Y2Y,PDB:8Y2Y
8Y7V_1%7CChain.a3m,848,222,0.779279,2.089904,0.283757,0.502338,PDB,8Y7V,PDB:8Y7V
8Y8Y_1%7CChain.a3m,4240,293,3.37884,2.489896,0.22159,0.320654,PDB,8Y8Y,PDB:8Y8Y
8YEW_1%7CChain.a3m,905,148,3.304054,2.4289,0.322801,0.441625,PDB,8YEW,PDB:8YEW
8YHI_1%7CChain.a3m,10001,288,11.15625,2.517592,0.224922,0.403287,PDB,8YHI,PDB:8YHI
8YHN_1%7CChain.a3m,10001,411,18.284672,2.758204,0.247813,0.34458,PDB,8YHN,PDB:8YHN
8YHP_1%7CChain.a3m,2154,416,2.016827,2.333111,0.450346,0.474436,PDB,8YHP,PDB:8YHP
8YHS_1%7CChain.a3m,10001,117,29.068376,2.572628,0.284015,0.394231,PDB,8YHS,PDB:8YHS
8YJG_1%7CChain.a3m,3056,217,4.760369,2.272167,0.347815,0.493404,PDB,8YJG,PDB:8YJG
8YJJ_1%7CChain.a3m,734,190,1.2,2.065664,0.220536,0.508919,PDB,8YJJ,PDB:8YJJ
8YKE_1%7CChain.a3m,1460,154,3.071429,2.24649,0.253847,0.450322,PDB,8YKE,PDB:8YKE
8YNJ_1%7CChain.a3m,206,445,0.177528,2.156039,0.403774,0.393038,PDB,8YNJ,PDB:8YNJ
8YOA_1%7CChain.a3m,2711,344,5.276163,2.670005,0.359944,0.32827,PDB,8YOA,PDB:8YOA
8YP7_1%7CChain.a3m,10001,474,7.546414,2.810712,0.484077,0.391845,PDB,8YP7,PDB:8YP7
8YSN_1%7CChain.a3m,329,334,0.772455,2.790962,0.349972,0.35874,PDB,8YSN,PDB:8YSN
8YUG_1%7CChain.a3m,9347,511,9.67319,2.844758,0.509453,0.330842,PDB,8YUG,PDB:8YUG
8YZ3_1%7CChain.a3m,174,500,0.134,2.138517,0.541126,0.449279,PDB,8YZ3,PDB:8YZ3
8YZN_1%7CChain.a3m,2743,505,3.00198,2.995786,0.667755,0.346454,PDB,8YZN,PDB:8YZN
8Z12_1%7CChain.a3m,10001,432,14.280093,2.966702,0.415171,0.325438,PDB,8Z12,PDB:8Z12
8Z3H_1%7CChain.a3m,549,132,2.386364,2.420739,0.14761,0.392198,PDB,8Z3H,PDB:8Z3H
8Z3I_1%7CChain.a3m,138,312,0.326923,2.138811,0.649062,0.399062,PDB,8Z3I,PDB:8Z3I
8Z61_1%7CChain.a3m,397,549,0.253188,2.199421,0.51824,0.527605,PDB,8Z61,PDB:8Z61
8Z9S_1%7CChain.a3m,10001,414,17.97343,2.754021,0.293054,0.361733,PDB,8Z9S,PDB:8Z9S
8ZGD_1%7CChain.a3m,8398,200,14.95,2.521674,0.379915,0.410056,PDB,8ZGD,PDB:8ZGD
8ZKD_1%7CChain.a3m,10001,298,9.057047,2.418099,0.179847,0.401548,PDB,8ZKD,PDB:8ZKD
8ZMN_1%7CChain.a3m,1366,184,3.358696,2.648785,0.154541,0.370154,PDB,8ZMN,PDB:8ZMN
8ZNU_1%7CChain.a3m,5907,225,5.577778,2.702551,0.525268,0.410431,PDB,8ZNU,PDB:8ZNU
8ZQF_1%7CChain.a3m,28,214,0.098131,1.685315,0.203104,0.453186,PDB,8ZQF,PDB:8ZQF
8ZU2_1%7CChain.a3m,10001,287,16.428571,2.767839,0.203058,0.34064,PDB,8ZU2,PDB:8ZU2
8ZVB_1%7CChain.a3m,100,432,0.171296,2.479439,0.452106,0.348208,PDB,8ZVB,PDB:8ZVB
8ZVO_1%7CChain.a3m,5800,276,14.23913,2.983713,0.460212,0.304154,PDB,8ZVO,PDB:8ZVO
9ATX_1%7CChain.a3m,1360,275,4.072727,3.120148,0.242201,0.25935,PDB,9ATX,PDB:9ATX
9AUB_1%7CChain.a3m,1717,538,1.630112,2.628227,0.554918,0.324288,PDB,9AUB,PDB:9AUB
9AV6_1%7CChain.a3m,10001,328,11.253049,2.612629,0.240864,0.324417,PDB,9AV6,PDB:9AV6
9AVK_1%7CChain.a3m,577,104,1.807692,2.097563,0.234385,0.499529,PDB,9AVK,PDB:9AVK
9AZY_1%7CChain.a3m,10001,369,23.208672,3.021564,0.349653,0.296772,PDB,9AZY,PDB:9AZY
9B3G_1%7CChain.a3m,7613,119,21.168067,2.749794,0.618353,0.462619,PDB,9B3G,PDB:9B3G
9B72_1%7CChain.a3m,274,217,1.041475,2.839487,0.20522,0.347997,PDB,9B72,PDB:9B72
9B86_1%7CChain.a3m,607,293,1.573379,2.592882,0.253504,0.35316,PDB,9B86,PDB:9B86
9B8D_1%7CChain.a3m,10,233,0.034335,1.332383,0.17897,0.503244,PDB,9B8D,PDB:9B8D
9B99_1%7CChain.a3m,3997,733,1.922237,2.621887,0.683841,0.346711,PDB,9B99,PDB:9B99
9BAR_1%7CChain.a3m,547,124,1.596774,2.02396,0.36995,0.438955,PDB,9BAR,PDB:9BAR
9BI7_1%7CChain.a3m,537,194,1.953608,2.604705,0.24438,0.3923,PDB,9BI7,PDB:9BI7
9BIZ_1%7CChain.a3m,70,274,0.047445,1.346451,0.452555,0.65749,PDB,9BIZ,PDB:9BIZ
9BKW_1%7CChain.a3m,9871,138,23.876812,2.772676,0.39917,0.366903,PDB,9BKW,PDB:9BKW
9BOT_1%7CChain.a3m,10001,224,22.40625,2.454428,0.057815,0.409826,PDB,9BOT,PDB:9BOT
9BP2_1%7CChain.a3m,56,117,0.119658,1.44644,0.302503,0.583731,PDB,9BP2,PDB:9BP2
9BSM_1%7CChain.a3m,1229,280,3.121429,2.648413,0.481059,0.330168,PDB,9BSM,PDB:9BSM
9BUG_1%7CChain.a3m,9644,414,13.108696,2.913803,0.412196,0.334928,PDB,9BUG,PDB:9BUG
9BUJ_1%7CChain.a3m,1436,458,1.447598,2.528434,0.485676,0.381807,PDB,9BUJ,PDB:9BUJ
9BXH_1%7CChain.a3m,2514,267,6.88764,2.812708,0.555766,0.365076,PDB,9BXH,PDB:9BXH
9BYU_1%7CChain.a3m,3546,302,8.049669,2.929192,0.412827,0.344725,PDB,9BYU,PDB:9BYU
9BZB_1%7CChain.a3m,1330,275,4.123636,2.784769,0.439038,0.322089,PDB,9BZB,PDB:9BZB
9BZN_1%7CChain.a3m,1865,272,4.261029,2.599195,0.303387,0.395057,PDB,9BZN,PDB:9BZN
9C0A_1%7CChain.a3m,2839,212,9.216981,2.80203,0.261577,0.34124,PDB,9C0A,PDB:9C0A
9C0M_1%7CChain.a3m,1302,249,4.15261,2.914392,0.27147,0.305537,PDB,9C0M,PDB:9C0M
9C1A_1%7CChain.a3m,10001,193,19.559585,2.515644,0.217839,0.380397,PDB,9C1A,PDB:9C1A
9C25_1%7CChain.a3m,154,251,0.195219,1.834459,0.427174,0.454766,PDB,9C25,PDB:9C25
9C4W_1%7CChain.a3m,220,489,0.134969,1.837782,0.469334,0.580829,PDB,9C4W,PDB:9C4W
9C54_1%7CChain.a3m,10001,315,10.469841,2.59968,0.297041,0.381932,PDB,9C54,PDB:9C54
9C6E_1%7CChain.a3m,838,365,0.372603,2.008643,0.459865,0.479515,PDB,9C6E,PDB:9C6E
9C72_1%7CChain.a3m,15,118,0.050847,1.304747,0.177401,0.410874,PDB,9C72,PDB:9C72
9C9E_1%7CChain.a3m,2303,244,7.536885,2.64653,0.492287,0.344325,PDB,9C9E,PDB:9C9E
9CFJ_1%7CChain.a3m,3393,276,4.735507,2.533609,0.339507,0.333509,PDB,9CFJ,PDB:9CFJ
9CIL_1%7CChain.a3m,3085,143,14.895105,2.494664,0.224291,0.3715,PDB,9CIL,PDB:9CIL
9CJ0_1%7CChain.a3m,1388,170,3.088235,1.807864,0.628085,0.469727,PDB,9CJ0,PDB:9CJ0
9CLD_1%7CChain.a3m,3527,373,8.045576,3.160894,0.322378,0.303966,PDB,9CLD,PDB:9CLD
9CPE_1%7CChain.a3m,690,167,1.778443,2.517514,0.354925,0.356498,PDB,9CPE,PDB:9CPE
9CRN_1%7CChain.a3m,2482,379,4.680739,2.992551,0.631688,0.323488,PDB,9CRN,PDB:9CRN
9CSM_1%7CChain.a3m,311,129,1.124031,2.286459,0.25883,0.424145,PDB,9CSM,PDB:9CSM
9D13_1%7CChain.a3m,1327,302,0.831126,1.941536,0.401593,0.396724,PDB,9D13,PDB:9D13
9D1L_1%7CChain.a3m,10001,570,11.140351,2.911313,0.35545,0.365983,PDB,9D1L,PDB:9D1L
9D3F_1%7CChain.a3m,10001,290,11.117241,2.543178,0.197778,0.38905,PDB,9D3F,PDB:9D3F
9D5D_1%7CChain.a3m,6022,164,17.182927,2.661803,0.195916,0.365147,PDB,9D5D,PDB:9D5D
9D91_1%7CChain.a3m,2531,320,5.19375,2.769111,0.263268,0.326595,PDB,9D91,PDB:9D91
9DCX_1%7CChain.a3m,5,264,0.011364,0.548016,0.486364,0.69032,PDB,9DCX,PDB:9DCX
9DED_1%7CChain.a3m,2,116,0.008621,0.0,0.0,1.0,PDB,9DED,PDB:9DED
9DEE_1%7CChain.a3m,2,166,0.006024,0.0,0.0,1.0,PDB,9DEE,PDB:9DEE
9DEF_1%7CChain.a3m,3,164,0.012195,0.481545,0.069106,0.669231,PDB,9DEF,PDB:9DEF
9DJ9_1%7CChain.a3m,8361,191,19.691099,2.740246,0.352944,0.376843,PDB,9DJ9,PDB:9DJ9
9DLO_1%7CChain.a3m,14,183,0.060109,1.366865,0.346995,0.493941,PDB,9DLO,PDB:9DLO
9DOZ_1%7CChain.a3m,1272,277,1.32852,2.491721,0.251445,0.368158,PDB,9DOZ,PDB:9DOZ
9DZD_1%7CChain.a3m,56,330,0.084848,2.216652,0.360119,0.475722,PDB,9DZD,PDB:9DZD
9E2C_1%7CChain.a3m,10001,498,7.656627,2.474488,0.293697,0.412281,PDB,9E2C,PDB:9E2C
9E32_1%7CChain.a3m,693,622,0.287781,1.993208,0.620651,0.497183,PDB,9E32,PDB:9E32
9E7C_1%7CChain.a3m,308,101,0.673267,1.540863,0.18619,0.64408,PDB,9E7C,PDB:9E7C
9E9N_1%7CChain.a3m,6601,150,20.366667,2.765767,0.481943,0.368453,PDB,9E9N,PDB:9E9N
9EBX_1%7CChain.a3m,147,517,0.096712,1.697546,0.694193,0.485306,PDB,9EBX,PDB:9EBX
9EDW_1%7CChain.a3m,10001,309,16.038835,2.724489,0.301678,0.371957,PDB,9EDW,PDB:9EDW
9EE7_1%7CChain.a3m,34,325,0.101538,2.18042,0.306787,0.373712,PDB,9EE7,PDB:9EE7
9EJY_1%7CChain.a3m,10001,143,20.937063,2.737734,0.488014,0.354767,PDB,9EJY,PDB:9EJY
9EKQ_1%7CChain.a3m,10001,402,17.10199,2.720367,0.52409,0.342002,PDB,9EKQ,PDB:9EKQ
9EN5_1%7CChain.a3m,4528,178,5.786517,2.261849,0.394789,0.419563,PDB,9EN5,PDB:9EN5
9EOB_1%7CChain.a3m,281,580,0.377586,2.585179,0.662977,0.34892,PDB,9EOB,PDB:9EOB
9EPA_1%7CChain.a3m,718,175,1.394286,0.634258,0.757175,0.539354,PDB,9EPA,PDB:9EPA
9EPT_1%7CChain.a3m,164,115,0.226087,1.334414,0.325504,0.62121,PDB,9EPT,PDB:9EPT
9EQH_1%7CChain.a3m,9376,447,7.192394,2.600453,0.415943,0.385421,PDB,9EQH,PDB:9EQH
9ETK_1%7CChain.a3m,2049,291,5.037801,2.662093,0.344609,0.348719,PDB,9ETK,PDB:9ETK
9EXM_1%7CChain.a3m,10001,549,10.591985,2.919398,0.667475,0.334247,PDB,9EXM,PDB:9EXM
9EYL_1%7CChain.a3m,282,209,0.727273,2.413542,0.414469,0.387732,PDB,9EYL,PDB:9EYL
9F1V_1%7CChain.a3m,30,221,0.076923,1.997025,0.27089,0.459599,PDB,9F1V,PDB:9F1V
9F5B_1%7CChain.a3m,4851,188,6.595745,2.31534,0.508757,0.420138,PDB,9F5B,PDB:9F5B
9F5U_1%7CChain.a3m,821,215,2.15814,2.439165,0.188596,0.364532,PDB,9F5U,PDB:9F5U
9F7B_1%7CChain.a3m,7340,350,10.02,2.706641,0.603603,0.333601,PDB,9F7B,PDB:9F7B
9F7P_1%7CChain.a3m,49,325,0.064615,2.06749,0.214003,0.382566,PDB,9F7P,PDB:9F7P
9F80_1%7CChain.a3m,4710,275,7.712727,2.596479,0.709502,0.407525,PDB,9F80,PDB:9F80
9F9U_1%7CChain.a3m,52,170,0.288235,2.330229,0.098756,0.354156,PDB,9F9U,PDB:9F9U
9FDR_1%7CChain.a3m,5142,304,7.75,2.627242,0.390066,0.401323,PDB,9FDR,PDB:9FDR
9FED_1%7CChain.a3m,1541,205,0.019512,0.478608,0.779798,0.850645,PDB,9FED,PDB:9FED
9FEM_1%7CChain.a3m,112,242,0.14876,1.823886,0.419016,0.385688,PDB,9FEM,PDB:9FEM
9FEQ_1%7CChain.a3m,107,253,0.13834,1.835723,0.33933,0.515065,PDB,9FEQ,PDB:9FEQ
9FES_1%7CChain.a3m,160,271,0.180812,1.798329,0.463376,0.461994,PDB,9FES,PDB:9FES
9FHO_1%7CChain.a3m,1464,356,1.724719,2.485415,0.404479,0.443699,PDB,9FHO,PDB:9FHO
9FJ7_1%7CChain.a3m,403,110,1.281818,2.001964,0.189939,0.490813,PDB,9FJ7,PDB:9FJ7
9FK8_1%7CChain.a3m,3304,379,4.699208,2.761519,0.387428,0.359303,PDB,9FK8,PDB:9FK8
9FMO_1%7CChain.a3m,10001,376,8.651596,2.787568,0.348227,0.353359,PDB,9FMO,PDB:9FMO
9FPC_1%7CChain.a3m,1096,384,1.09375,2.425399,0.242104,0.393049,PDB,9FPC,PDB:9FPC
9FQ5_1%7CChain.a3m,1497,307,2.534202,2.477747,0.457034,0.393277,PDB,9FQ5,PDB:9FQ5
9FS1_1%7CChain.a3m,3065,362,4.820442,2.73095,0.349464,0.376975,PDB,9FS1,PDB:9FS1
9FS7_1%7CChain.a3m,94,183,0.196721,1.838977,0.181956,0.510948,PDB,9FS7,PDB:9FS7
9FSE_1%7CChain.a3m,3205,238,4.441176,2.678025,0.595853,0.425732,PDB,9FSE,PDB:9FSE
9FTF_1%7CChain.a3m,30,264,0.07197,1.995002,0.103409,0.403488,PDB,9FTF,PDB:9FTF
9FW7_1%7CChain.a3m,1,200,0.005,0.0,0.0,0.0,PDB,9FW7,PDB:9FW7
9FWA_1%7CChain.a3m,1,202,0.00495,0.0,0.0,0.0,PDB,9FWA,PDB:9FWA
9FWC_1%7CChain.a3m,101,183,0.213115,1.906676,0.203051,0.53612,PDB,9FWC,PDB:9FWC
9FXF_1%7CChain.a3m,4478,129,7.395349,2.121439,0.310952,0.477184,PDB,9FXF,PDB:9FXF
9FYM_1%7CChain.a3m,1188,330,2.469697,2.860836,0.46672,0.310488,PDB,9FYM,PDB:9FYM
9FYN_1%7CChain.a3m,4634,771,4.09987,2.820979,0.612726,0.289014,PDB,9FYN,PDB:9FYN
9FZ8_1%7CChain.a3m,7649,517,10.634429,2.89232,0.33264,0.329696,PDB,9FZ8,PDB:9FZ8
9G7N_1%7CChain.a3m,33,621,0.027375,1.505696,0.590348,0.412759,PDB,9G7N,PDB:9G7N
9G7Y_1%7CChain.a3m,1541,291,3.04811,2.49912,0.3447,0.403649,PDB,9G7Y,PDB:9G7Y
9G8V_1%7CChain.a3m,10001,356,17.696629,2.613951,0.329381,0.415545,PDB,9G8V,PDB:9G8V
9G99_1%7CChain.a3m,76,246,0.256098,2.379735,0.264174,0.340437,PDB,9G99,PDB:9G99
9GEA_1%7CChain.a3m,10001,198,16.964646,2.624851,0.339505,0.398379,PDB,9GEA,PDB:9GEA
9GEK_1%7CChain.a3m,3598,725,3.922759,2.97927,0.644332,0.309115,PDB,9GEK,PDB:9GEK
9GH3_1%7CChain.a3m,6789,128,16.523438,2.547492,0.375769,0.390742,PDB,9GH3,PDB:9GH3
9GII_1%7CChain.a3m,354,117,0.940171,1.963267,0.100053,0.542335,PDB,9GII,PDB:9GII
9GJQ_1%7CChain.a3m,679,109,3.715596,2.486233,0.183729,0.39254,PDB,9GJQ,PDB:9GJQ
9GLJ_1%7CChain.a3m,199,169,0.118343,1.14541,0.366537,0.717856,PDB,9GLJ,PDB:9GLJ
9GLR_1%7CChain.a3m,9814,159,14.987421,2.468719,0.331028,0.376949,PDB,9GLR,PDB:9GLR
9GLS_1%7CChain.a3m,10001,148,16.594595,2.43369,0.231885,0.455837,PDB,9GLS,PDB:9GLS
9GMJ_1%7CChain.a3m,410,568,0.577465,2.897321,0.473269,0.315429,PDB,9GMJ,PDB:9GMJ
9GNG_1%7CChain.a3m,656,295,0.942373,2.425454,0.313182,0.481314,PDB,9GNG,PDB:9GNG
9GOJ_1%7CChain.a3m,3189,387,4.976744,2.610394,0.411935,0.383235,PDB,9GOJ,PDB:9GOJ
9GP8_1%7CChain.a3m,3560,773,1.899094,2.812783,0.496579,0.317112,PDB,9GP8,PDB:9GP8
9GR8_1%7CChain.a3m,772,337,0.412463,1.69488,0.327836,0.537427,PDB,9GR8,PDB:9GR8
9GSO_1%7CChain.a3m,12,177,0.045198,1.250418,0.129473,0.539474,PDB,9GSO,PDB:9GSO
9GVF_1%7CChain.a3m,2,215,0.004651,0.018605,0.42093,0.882353,PDB,9GVF,PDB:9GVF
9GX9_1%7CChain.a3m,658,235,2.26383,2.635056,0.26923,0.348474,PDB,9GX9,PDB:9GX9
9GY1_1%7CChain.a3m,10001,144,28.444444,2.33666,0.239949,0.446006,PDB,9GY1,PDB:9GY1
9GYL_1%7CChain.a3m,3181,105,15.971429,2.529103,0.29416,0.398727,PDB,9GYL,PDB:9GYL
9H48_1%7CChain.a3m,471,193,1.284974,2.381704,0.403122,0.425435,PDB,9H48,PDB:9H48
9H8I_1%7CChain.a3m,3111,486,3.903292,2.873499,0.379161,0.337388,PDB,9H8I,PDB:9H8I
9H9S_1%7CChain.a3m,8,237,0.029536,1.316313,0.116034,0.485835,PDB,9H9S,PDB:9H9S
9HB0_1%7CChain.a3m,6533,357,11.072829,2.864076,0.373584,0.308525,PDB,9HB0,PDB:9HB0
9HB2_1%7CChain.a3m,196,291,0.419244,2.623243,0.321656,0.350796,PDB,9HB2,PDB:9HB2
9HIT_1%7CChain.a3m,1378,266,2.906015,2.436226,0.320414,0.418979,PDB,9HIT,PDB:9HIT
9HL5_1%7CChain.a3m,671,268,1.828358,2.589528,0.376771,0.341171,PDB,9HL5,PDB:9HL5
9HMB_1%7CChain.a3m,303,806,0.240695,2.652974,0.44161,0.371105,PDB,9HMB,PDB:9HMB
9HS7_1%7CChain.a3m,1180,140,0.035714,0.484173,0.690387,0.73522,PDB,9HS7,PDB:9HS7
9HTU_1%7CChain.a3m,525,180,0.944444,2.225233,0.250614,0.414167,PDB,9HTU,PDB:9HTU
9I1M_1%7CChain.a3m,1994,328,5.015244,2.999668,0.315477,0.282132,PDB,9I1M,PDB:9I1M
9IC4_1%7CChain.a3m,7278,266,20.533835,2.796166,0.195576,0.341988,PDB,9IC4,PDB:9IC4
9IJC_1%7CChain.a3m,681,321,1.788162,2.582127,0.411585,0.336593,PDB,9IJC,PDB:9IJC
9IR5_1%7CChain.a3m,5532,460,8.917391,2.921679,0.406856,0.312942,PDB,9IR5,PDB:9IR5
9IT1_1%7CChain.a3m,4177,164,9.207317,2.311598,0.542549,0.46535,PDB,9IT1,PDB:9IT1
9IUH_1%7CChain.a3m,8356,411,11.109489,2.907428,0.364281,0.321401,PDB,9IUH,PDB:9IUH
9IVU_1%7CChain.a3m,10001,229,17.048035,2.403805,0.250337,0.418546,PDB,9IVU,PDB:9IVU
9J0V_1%7CChain.a3m,1881,286,5.479021,2.874058,0.356541,0.298378,PDB,9J0V,PDB:9J0V
9J1S_1%7CChain.a3m,563,120,3.0,2.461216,0.149808,0.387785,PDB,9J1S,PDB:9J1S
9J3F_1%7CChain.a3m,1596,779,0.797176,2.615436,0.761046,0.427621,PDB,9J3F,PDB:9J3F
9J3G_1%7CChain.a3m,69,391,0.117647,2.049343,0.49431,0.341309,PDB,9J3G,PDB:9J3G
9J59_1%7CChain.a3m,10001,310,23.429032,2.791955,0.302538,0.367087,PDB,9J59,PDB:9J59
9J5G_1%7CChain.a3m,1538,123,3.130081,1.998197,0.254702,0.534137,PDB,9J5G,PDB:9J5G
9J7X_1%7CChain.a3m,4,146,0.006849,0.114799,0.131849,0.930593,PDB,9J7X,PDB:9J7X
9J9A_1%7CChain.a3m,835,260,2.161538,2.497558,0.469369,0.349454,PDB,9J9A,PDB:9J9A
9JAA_1%7CChain.a3m,63,176,0.056818,1.287042,0.290043,0.500871,PDB,9JAA,PDB:9JAA
9JB3_1%7CChain.a3m,7571,189,15.650794,2.906024,0.1639,0.300712,PDB,9JB3,PDB:9JB3
9JBD_1%7CChain.a3m,1555,146,5.616438,2.389739,0.184575,0.380068,PDB,9JBD,PDB:9JBD
9JI6_1%7CChain.a3m,10001,412,18.220874,2.750089,0.247016,0.345737,PDB,9JI6,PDB:9JI6
9JJU_1%7CChain.a3m,2033,399,2.250627,2.926427,0.464115,0.319865,PDB,9JJU,PDB:9JJU
9JOC_1%7CChain.a3m,122,389,0.241645,2.588737,0.286885,0.339572,PDB,9JOC,PDB:9JOC
9JOM_1%7CChain.a3m,167,394,0.27665,2.536453,0.431974,0.450409,PDB,9JOM,PDB:9JOM
9JOS_1%7CChain.a3m,143,409,0.198044,2.438879,0.457555,0.493682,PDB,9JOS,PDB:9JOS
9JQ9_1%7CChain.a3m,332,179,1.368715,2.140718,0.426129,0.301295,PDB,9JQ9,PDB:9JQ9
9JQF_1%7CChain.a3m,258,297,0.686869,2.657714,0.317673,0.361434,PDB,9JQF,PDB:9JQF
9JQL_1%7CChain.a3m,625,201,2.159204,2.434082,0.351021,0.322389,PDB,9JQL,PDB:9JQL
9JRS_1%7CChain.a3m,3821,126,5.309524,2.146951,0.295477,0.45696,PDB,9JRS,PDB:9JRS
9JVU_1%7CChain.a3m,11,132,0.068182,1.440892,0.083333,0.460188,PDB,9JVU,PDB:9JVU
9JW8_1%7CChain.a3m,118,147,0.62585,2.205896,0.274473,0.453899,PDB,9JW8,PDB:9JW8
9JWE_1%7CChain.a3m,7581,266,15.244361,2.743909,0.302424,0.379668,PDB,9JWE,PDB:9JWE
9JWQ_1%7CChain.a3m,3786,288,10.184028,2.896471,0.300651,0.313827,PDB,9JWQ,PDB:9JWQ
9K1M_1%7CChain.a3m,1643,279,2.774194,2.418707,0.281658,0.342447,PDB,9K1M,PDB:9K1M
9K72_1%7CChain.a3m,9028,444,6.240991,2.522508,0.469192,0.400923,PDB,9K72,PDB:9K72
9KB3_1%7CChain.a3m,2487,489,2.969325,2.672824,0.42398,0.354122,PDB,9KB3,PDB:9KB3
9KCT_1%7CChain.a3m,54,500,0.094,1.88231,0.551556,0.352403,PDB,9KCT,PDB:9KCT
9KDS_1%7CChain.a3m,10001,266,12.556391,2.418595,0.070296,0.375546,PDB,9KDS,PDB:9KDS
9KFY_1%7CChain.a3m,10001,612,8.49183,2.439445,0.241012,0.460694,PDB,9KFY,PDB:9KFY
9KGB_1%7CChain.a3m,38,377,0.076923,2.134853,0.45728,0.320994,PDB,9KGB,PDB:9KGB
9KGZ_1%7CChain.a3m,1,125,0.008,0.0,0.0,0.0,PDB,9KGZ,PDB:9KGZ
9KJB_1%7CChain.a3m,2,114,0.008772,0.0,0.02193,1.0,PDB,9KJB,PDB:9KJB
9KR0_1%7CChain.a3m,1719,403,2.372208,2.389278,0.375462,0.388841,PDB,9KR0,PDB:9KR0
9KX0_1%7CChain.a3m,44,243,0.131687,1.943731,0.266087,0.372039,PDB,9KX0,PDB:9KX0
9L34_1%7CChain.a3m,1716,293,4.283276,2.797963,0.375397,0.325183,PDB,9L34,PDB:9L34
9L8Y_1%7CChain.a3m,421,164,0.682927,2.102841,0.386362,0.5172,PDB,9L8Y,PDB:9L8Y
9LB6_1%7CChain.a3m,1632,777,1.177606,2.799782,0.498771,0.325897,PDB,9LB6,PDB:9LB6
9LHS_1%7CChain.a3m,1308,231,2.770563,2.192626,0.273002,0.426963,PDB,9LHS,PDB:9LHS
9LIE_1%7CChain.a3m,36,151,0.07947,1.632016,0.130243,0.437116,PDB,9LIE,PDB:9LIE
9LIF_1%7CChain.a3m,41,151,0.099338,1.70465,0.204167,0.434802,PDB,9LIF,PDB:9LIF
9LNF_1%7CChain.a3m,645,330,1.478788,2.333482,0.342532,0.416781,PDB,9LNF,PDB:9LNF
9LNI_1%7CChain.a3m,2,212,0.004717,0.0,0.0,1.0,PDB,9LNI,PDB:9LNI
9LPB_1%7CChain.a3m,1740,369,3.823848,3.026868,0.364421,0.272037,PDB,9LPB,PDB:9LPB
9LPT_1%7CChain.a3m,11,369,0.01897,1.182872,0.111357,0.599145,PDB,9LPT,PDB:9LPT
9LS8_1%7CChain.a3m,2461,189,8.687831,2.485385,0.219642,0.39882,PDB,9LS8,PDB:9LS8
9M07_1%7CChain.a3m,30,134,0.074627,1.082782,0.293532,0.732834,PDB,9M07,PDB:9M07
9M2Z_1%7CChain.a3m,39,157,0.191083,1.609572,0.254614,0.484682,PDB,9M2Z,PDB:9M2Z
9MDO_1%7CChain.a3m,192,476,0.264706,2.440017,0.533121,0.346402,PDB,9MDO,PDB:9MDO
9MF1_1%7CChain.a3m,10001,197,18.340102,2.50325,0.226882,0.368842,PDB,9MF1,PDB:9MF1
9MG4_1%7CChain.a3m,1154,297,2.161616,2.695296,0.318841,0.377216,PDB,9MG4,PDB:9MG4
9MM2_1%7CChain.a3m,277,450,0.364444,2.328223,0.48361,0.388561,PDB,9MM2,PDB:9MM2
9MRB_1%7CChain.a3m,2,158,0.012658,0.462025,0.006329,0.532051,PDB,9MRB,PDB:9MRB
9MRC_1%7CChain.a3m,1576,195,4.610256,2.690221,0.26204,0.365172,PDB,9MRC,PDB:9MRC
9MUG_1%7CChain.a3m,1673,155,3.367742,2.796919,0.618371,0.421393,PDB,9MUG,PDB:9MUG
9MYM_1%7CChain.a3m,170,235,0.27234,2.280355,0.278673,0.426466,PDB,9MYM,PDB:9MYM
9N2M_1%7CChain.a3m,10001,293,10.16041,2.46144,0.13912,0.400463,PDB,9N2M,PDB:9N2M
9N3F_1%7CChain.a3m,3359,325,4.526154,2.750462,0.540525,0.378515,PDB,9N3F,PDB:9N3F
9NCC_1%7CChain.a3m,10001,212,23.886792,2.491346,0.199328,0.415657,PDB,9NCC,PDB:9NCC
9NCZ_1%7CChain.a3m,2155,250,4.308,2.663222,0.429169,0.397741,PDB,9NCZ,PDB:9NCZ
9NIJ_1%7CChain.a3m,577,201,1.890547,2.624176,0.224476,0.332768,PDB,9NIJ,PDB:9NIJ
9NJO_1%7CChain.a3m,2883,159,13.0,2.467068,0.218852,0.401128,PDB,9NJO,PDB:9NJO
9NSW_1%7CChain.a3m,868,273,2.216117,2.627259,0.333916,0.349191,PDB,9NSW,PDB:9NSW
9NXI_1%7CChain.a3m,423,156,1.378205,1.983335,0.482633,0.436875,PDB,9NXI,PDB:9NXI
9O0H_1%7CChain.a3m,937,325,0.895385,2.366813,0.76351,0.435705,PDB,9O0H,PDB:9O0H
9O3Q_1%7CChain.a3m,1141,593,1.632378,2.977485,0.333238,0.287791,PDB,9O3Q,PDB:9O3Q
9O99_1%7CChain.a3m,3987,253,2.778656,2.41668,0.586716,0.509386,PDB,9O99,PDB:9O99
9OD9_1%7CChain.a3m,122,166,0.319277,1.852177,0.19761,0.512062,PDB,9OD9,PDB:9OD9
9OUF_1%7CChain.a3m,278,159,0.930818,2.209974,0.332542,0.458021,PDB,9OUF,PDB:9OUF
9OWG_1%7CChain.a3m,112,242,0.247934,2.479236,0.461076,0.326629,PDB,9OWG,PDB:9OWG
9P0P_1%7CChain.a3m,1498,349,2.260745,2.399898,0.311334,0.381119,PDB,9P0P,PDB:9P0P
9P17_1%7CChain.a3m,2348,316,3.724684,2.57622,0.319948,0.427015,PDB,9P17,PDB:9P17
9PYV_1%7CChain.a3m,1716,246,3.186992,2.1933,0.310729,0.48244,PDB,9PYV,PDB:9PYV
9Q4D_1%7CChain.a3m,1569,243,1.473251,1.205183,0.763208,0.490168,PDB,9Q4D,PDB:9Q4D
9Q5U_1%7CChain.a3m,395,325,0.249231,1.681234,0.12934,0.570054,PDB,9Q5U,PDB:9Q5U
9QDH_1%7CChain.a3m,331,560,0.428571,2.356223,0.614372,0.334416,PDB,9QDH,PDB:9QDH
9QGD_1%7CChain.a3m,7824,375,10.264,2.706647,0.44626,0.398152,PDB,9QGD,PDB:9QGD
9QUZ_1%7CChain.a3m,7,315,0.019048,1.455254,0.049887,0.451693,PDB,9QUZ,PDB:9QUZ
9QYD_1%7CChain.a3m,4415,203,10.630542,2.725805,0.290109,0.348345,PDB,9QYD,PDB:9QYD
9QYS_1%7CChain.a3m,389,267,0.947566,2.404412,0.382523,0.403417,PDB,9QYS,PDB:9QYS
9R00_1%7CChain.a3m,3,138,0.014493,0.54556,0.169082,0.587379,PDB,9R00,PDB:9R00
9R2K_1%7CChain.a3m,2,189,0.005291,0.0,0.021164,1.0,PDB,9R2K,PDB:9R2K
9R70_1%7CChain.a3m,10001,195,15.712821,2.552531,0.212555,0.383636,PDB,9R70,PDB:9R70
9RRZ_1%7CChain.a3m,1346,355,3.123944,3.007545,0.267727,0.277321,PDB,9RRZ,PDB:9RRZ
9SOS_1%7CChain.a3m,592,184,1.804348,2.670948,0.264973,0.376343,PDB,9SOS,PDB:9SOS
9T0N_1%7CChain.a3m,150,327,0.357798,2.363914,0.39317,0.328086,PDB,9T0N,PDB:9T0N
9U53_1%7CChain.a3m,10001,420,17.72619,2.721994,0.294541,0.336563,PDB,9U53,PDB:9U53
9U5L_1%7CChain.a3m,1869,500,2.216,2.600653,0.389568,0.393649,PDB,9U5L,PDB:9U5L
9UDN_1%7CChain.a3m,6259,245,4.171429,2.309334,0.601821,0.434385,PDB,9UDN,PDB:9UDN
9UDY_1%7CChain.a3m,6,170,0.029412,0.778473,0.332353,0.497817,PDB,9UDY,PDB:9UDY
9UL7_1%7CChain.a3m,7397,620,7.108065,2.901214,0.541757,0.31934,PDB,9UL7,PDB:9UL7
9UPT_1%7CChain.a3m,9111,469,5.972281,2.513273,0.493771,0.408622,PDB,9UPT,PDB:9UPT
9VSJ_1%7CChain.a3m,5962,309,5.36246,2.224456,0.780123,0.358779,PDB,9VSJ,PDB:9VSJ
9VVN_1%7CChain.a3m,1,182,0.005495,0.0,0.0,0.0,PDB,9VVN,PDB:9VVN
9XZO_1%7CChain.a3m,10001,129,57.062016,2.345331,0.112845,0.416133,PDB,9XZO,PDB:9XZO
9YC2_1%7CChain.a3m,1858,105,5.466667,2.503032,0.342473,0.403842,PDB,9YC2,PDB:9YC2
9YLH_1%7CChain.a3m,10001,360,8.683333,2.506002,0.259788,0.401068,PDB,9YLH,PDB:9YLH
9Z0M_1%7CChain.a3m,4502,113,13.39823,2.727978,0.218707,0.378366,PDB,9Z0M,PDB:9Z0M
